trip_id,stop_id,route_short_name,delay_minutes,is_delayed,observation_date_local,occupancy_label,current_status_name,hour_of_day,is_rush_hour,is_weekend,route_stop_count,trip_length,stop_position_pct,stop_sequence,direction_id,speed_mph,route_short_name,occupancy_label,current_status_name
3923873,60864,Rapid 523,-6.45,0,2026-04-05,EMPTY,IN_TRANSIT_TO,13,0,1,57,29,0.7931034482758621,23,1,9.03,Rapid 523,EMPTY,IN_TRANSIT_TO
3923848,60653,Rapid 523,-0.83,0,2026-04-05,EMPTY,IN_TRANSIT_TO,13,0,1,57,29,0.4827586206896552,14,1,29.94,Rapid 523,EMPTY,IN_TRANSIT_TO
3923849,66001,Rapid 523,0.6,0,2026-04-05,EMPTY,INCOMING_AT,13,0,1,57,29,0.2413793103448276,7,1,21.88,Rapid 523,EMPTY,INCOMING_AT
3923874,62943,Rapid 523,-3.45,0,2026-04-05,EMPTY,INCOMING_AT,13,0,1,57,29,0.034482758620689655,1,1,0.0,Rapid 523,EMPTY,INCOMING_AT
3923854,62265,Rapid 523,-0.97,0,2026-04-05,EMPTY,INCOMING_AT,17,1,1,57,29,0.896551724137931,26,1,0.0,Rapid 523,EMPTY,INCOMING_AT
3923855,65902,Rapid 523,-9.9,0,2026-04-05,EMPTY,IN_TRANSIT_TO,17,1,1,57,29,0.7586206896551724,22,1,0.0,Rapid 523,EMPTY,IN_TRANSIT_TO
3923877,64696,Rapid 523,2.1,0,2026-04-05,EMPTY,INCOMING_AT,16,1,1,57,29,0.3448275862068966,10,1,0.0,Rapid 523,EMPTY,INCOMING_AT
3923856,60616,Rapid 523,1.1,0,2026-04-05,EMPTY,INCOMING_AT,17,1,1,57,29,0.10344827586206896,3,1,0.07,Rapid 523,EMPTY,INCOMING_AT
3923879,62943,Rapid 523,-13.9,0,2026-04-05,EMPTY,INCOMING_AT,17,1,1,57,29,0.034482758620689655,1,1,0.0,Rapid 523,EMPTY,INCOMING_AT
3923860,60656,Rapid 523,-3.57,0,2026-04-05,EMPTY,IN_TRANSIT_TO,19,1,1,57,29,0.5172413793103449,15,1,29.49,Rapid 523,EMPTY,IN_TRANSIT_TO
3923862,62943,Rapid 523,4.43,0,2026-04-05,EMPTY,INCOMING_AT,18,1,1,57,29,0.034482758620689655,1,1,0.01,Rapid 523,EMPTY,INCOMING_AT
3923863,62943,Rapid 523,-29.57,0,2026-04-05,EMPTY,INCOMING_AT,19,1,1,57,29,0.034482758620689655,1,1,0.0,Rapid 523,EMPTY,INCOMING_AT
3923687,62126,Rapid 523,-1.3,0,2026-04-23,FEW_SEATS_AVAILABLE,INCOMING_AT,20,0,0,57,29,0.6551724137931034,19,1,20.43,Rapid 523,FEW_SEATS_AVAILABLE,INCOMING_AT
3923672,66001,Rapid 523,0.27,0,2026-04-23,FULL,INCOMING_AT,20,0,0,57,29,0.2413793103448276,7,1,31.41,Rapid 523,FULL,INCOMING_AT
3923701,62943,Rapid 523,-15.2,0,2026-04-23,EMPTY,INCOMING_AT,20,0,0,57,29,0.034482758620689655,1,1,0.0,Rapid 523,EMPTY,INCOMING_AT
3923809,62943,Rapid 523,-5.45,0,2026-04-05,EMPTY,IN_TRANSIT_TO,13,0,1,57,29,1.0,29,0,13.71,Rapid 523,EMPTY,IN_TRANSIT_TO
3923832,60594,Rapid 523,-7.45,0,2026-04-05,EMPTY,IN_TRANSIT_TO,13,0,1,57,29,0.7586206896551724,22,0,28.95,Rapid 523,EMPTY,IN_TRANSIT_TO
3923810,62214,Rapid 523,0.5,0,2026-04-05,EMPTY,IN_TRANSIT_TO,13,0,1,57,29,0.41379310344827586,12,0,28.59,Rapid 523,EMPTY,IN_TRANSIT_TO
3923811,64477,Rapid 523,5.55,1,2026-04-05,EMPTY,INCOMING_AT,13,0,1,57,29,0.034482758620689655,1,0,33.14,Rapid 523,EMPTY,INCOMING_AT
3923835,60600,Rapid 523,-3.05,0,2026-04-05,EMPTY,IN_TRANSIT_TO,17,1,1,57,29,0.7931034482758621,23,0,30.93,Rapid 523,EMPTY,IN_TRANSIT_TO
3923836,62394,Rapid 523,-1.9,0,2026-04-05,EMPTY,IN_TRANSIT_TO,17,1,1,57,29,0.3103448275862069,9,0,0.08,Rapid 523,EMPTY,IN_TRANSIT_TO
3923818,64477,Rapid 523,-3.9,0,2026-04-05,EMPTY,INCOMING_AT,17,1,1,57,29,0.034482758620689655,1,0,0.0,Rapid 523,EMPTY,INCOMING_AT
3923820,60600,Rapid 523,-0.12,0,2026-04-05,EMPTY,INCOMING_AT,19,1,1,57,29,0.7931034482758621,23,0,8.92,Rapid 523,EMPTY,INCOMING_AT
3923821,60565,Rapid 523,-1.57,0,2026-04-05,EMPTY,IN_TRANSIT_TO,19,1,1,57,29,0.4482758620689655,13,0,31.44,Rapid 523,EMPTY,IN_TRANSIT_TO
3923838,64477,Rapid 523,-4.57,0,2026-04-05,EMPTY,INCOMING_AT,19,1,1,57,29,0.034482758620689655,1,0,0.0,Rapid 523,EMPTY,INCOMING_AT
3923622,65901,Rapid 523,4.8,0,2026-04-23,FULL,INCOMING_AT,20,0,0,57,29,0.27586206896551724,8,0,21.0,Rapid 523,FULL,INCOMING_AT
3923638,64477,Rapid 523,-12.2,0,2026-04-23,EMPTY,INCOMING_AT,20,0,0,57,29,0.034482758620689655,1,0,0.01,Rapid 523,EMPTY,INCOMING_AT
3933638,63723,72,-2.72,0,2026-04-05,EMPTY,IN_TRANSIT_TO,17,1,1,82,37,0.5675675675675675,21,0,4.96,72,EMPTY,IN_TRANSIT_TO
3933642,63721,72,1.27,0,2026-04-05,EMPTY,IN_TRANSIT_TO,18,1,1,82,37,0.5135135135135135,19,0,22.41,72,EMPTY,IN_TRANSIT_TO
3941563,63488,72,0.77,0,2026-04-23,FEW_SEATS_AVAILABLE,IN_TRANSIT_TO,20,0,0,82,37,0.05405405405405406,2,0,26.3,72,FEW_SEATS_AVAILABLE,IN_TRANSIT_TO
3933672,60613,72,-4.57,0,2026-04-05,EMPTY,INCOMING_AT,19,1,1,82,40,0.025,1,1,0.0,72,EMPTY,INCOMING_AT
3941622,60613,72,-6.2,0,2026-04-23,EMPTY,INCOMING_AT,20,0,0,82,40,0.025,1,1,0.0,72,EMPTY,INCOMING_AT
3933659,63705,72,8.55,1,2026-04-05,EMPTY,IN_TRANSIT_TO,13,0,1,82,46,1.0,46,1,14.17,72,EMPTY,IN_TRANSIT_TO
3933660,63753,72,0.42,0,2026-04-05,EMPTY,IN_TRANSIT_TO,13,0,1,82,46,0.5,23,1,24.0,72,EMPTY,IN_TRANSIT_TO
3933661,60613,72,-4.45,0,2026-04-05,FULL,INCOMING_AT,13,0,1,82,46,0.021739130434782608,1,1,0.0,72,FULL,INCOMING_AT
3933667,63754,72,-0.52,0,2026-04-05,EMPTY,INCOMING_AT,17,1,1,82,46,0.5217391304347826,24,1,39.0,72,EMPTY,INCOMING_AT
3933668,60613,72,-3.9,0,2026-04-05,EMPTY,INCOMING_AT,17,1,1,82,46,0.021739130434782608,1,1,0.0,72,EMPTY,INCOMING_AT
3933671,63749,72,3.82,0,2026-04-05,EMPTY,IN_TRANSIT_TO,18,1,1,82,46,0.43478260869565216,20,1,35.49,72,EMPTY,IN_TRANSIT_TO
3941621,63744,72,3.8,0,2026-04-23,FEW_SEATS_AVAILABLE,IN_TRANSIT_TO,20,0,0,82,46,0.34782608695652173,16,1,3.74,72,FEW_SEATS_AVAILABLE,IN_TRANSIT_TO
3920844,65535,39,-0.45,0,2026-04-05,EMPTY,IN_TRANSIT_TO,13,0,1,54,30,0.4,12,0,0.0,39,EMPTY,IN_TRANSIT_TO
3920854,65806,39,1.1,0,2026-04-05,EMPTY,INCOMING_AT,17,1,1,54,26,0.038461538461538464,1,1,0.0,39,EMPTY,INCOMING_AT
3920822,65806,39,-10.2,0,2026-04-23,FEW_SEATS_AVAILABLE,INCOMING_AT,20,0,0,54,26,0.038461538461538464,1,1,0.0,39,FEW_SEATS_AVAILABLE,INCOMING_AT
3928263,65878,66,-6.2,0,2026-04-05,EMPTY,IN_TRANSIT_TO,13,0,1,153,78,0.7692307692307693,60,0,12.07,66,EMPTY,IN_TRANSIT_TO
3928264,65969,66,1.97,0,2026-04-05,FEW_SEATS_AVAILABLE,INCOMING_AT,13,0,1,153,78,0.5128205128205128,40,0,9.0,66,FEW_SEATS_AVAILABLE,INCOMING_AT
3928266,64463,66,-11.45,0,2026-04-05,EMPTY,INCOMING_AT,13,0,1,153,78,0.01282051282051282,1,0,0.0,66,EMPTY,INCOMING_AT
3928270,63230,66,10.83,1,2026-04-05,EMPTY,IN_TRANSIT_TO,16,1,1,153,78,0.717948717948718,56,0,0.0,66,EMPTY,IN_TRANSIT_TO
3928283,63223,66,-0.9,0,2026-04-05,EMPTY,INCOMING_AT,17,1,1,153,78,0.6410256410256411,50,0,0.01,66,EMPTY,INCOMING_AT
3928271,63213,66,-2.9,0,2026-04-05,FEW_SEATS_AVAILABLE,INCOMING_AT,17,1,1,153,78,0.47435897435897434,37,0,0.0,66,FEW_SEATS_AVAILABLE,INCOMING_AT
3928272,61716,66,-0.9,0,2026-04-05,EMPTY,INCOMING_AT,17,1,1,153,78,0.21794871794871795,17,0,13.0,66,EMPTY,INCOMING_AT
3928284,64463,66,0.1,0,2026-04-05,EMPTY,INCOMING_AT,17,1,1,153,78,0.01282051282051282,1,0,0.0,66,EMPTY,INCOMING_AT
3928254,63841,66,1.83,0,2026-04-05,EMPTY,IN_TRANSIT_TO,18,1,1,153,78,0.8076923076923077,63,0,0.0,66,EMPTY,IN_TRANSIT_TO
3928285,63223,66,-2.57,0,2026-04-05,EMPTY,IN_TRANSIT_TO,19,1,1,153,78,0.6410256410256411,50,0,16.42,66,EMPTY,IN_TRANSIT_TO
3928255,63212,66,-1.95,0,2026-04-05,EMPTY,IN_TRANSIT_TO,19,1,1,153,78,0.44871794871794873,35,0,21.11,66,EMPTY,IN_TRANSIT_TO
3928256,63195,66,-1.72,0,2026-04-05,EMPTY,IN_TRANSIT_TO,19,1,1,153,78,0.23076923076923078,18,0,26.67,66,EMPTY,IN_TRANSIT_TO
3928286,64463,66,-19.57,0,2026-04-05,EMPTY,INCOMING_AT,19,1,1,153,78,0.01282051282051282,1,0,0.0,66,EMPTY,INCOMING_AT
3928081,63231,66,-2.4,0,2026-04-23,FEW_SEATS_AVAILABLE,IN_TRANSIT_TO,20,0,0,153,78,0.7307692307692307,57,0,24.0,66,FEW_SEATS_AVAILABLE,IN_TRANSIT_TO
3928053,65957,66,1.6,0,2026-04-23,FEW_SEATS_AVAILABLE,INCOMING_AT,20,0,0,153,78,0.5384615384615384,42,0,21.94,66,FEW_SEATS_AVAILABLE,INCOMING_AT
3928082,63208,66,-0.67,0,2026-04-23,FEW_SEATS_AVAILABLE,IN_TRANSIT_TO,20,0,0,153,78,0.41025641025641024,32,0,25.35,66,FEW_SEATS_AVAILABLE,IN_TRANSIT_TO
3928056,63191,66,-1.98,0,2026-04-23,EMPTY,IN_TRANSIT_TO,20,0,0,153,78,0.16666666666666666,13,0,24.12,66,EMPTY,IN_TRANSIT_TO
3928326,63295,66,10.5,1,2026-04-05,EMPTY,IN_TRANSIT_TO,13,0,1,153,80,0.9125,73,1,37.0,66,EMPTY,IN_TRANSIT_TO
3928312,63291,66,-4.0,0,2026-04-05,EMPTY,IN_TRANSIT_TO,13,0,1,153,80,0.8625,69,1,37.23,66,EMPTY,IN_TRANSIT_TO
3928313,63265,66,0.53,0,2026-04-05,EMPTY,INCOMING_AT,13,0,1,153,80,0.5625,45,1,4.07,66,EMPTY,INCOMING_AT
3928327,65219,66,9.95,1,2026-04-05,EMPTY,IN_TRANSIT_TO,13,0,1,153,80,0.275,22,1,17.12,66,EMPTY,IN_TRANSIT_TO
3928314,63243,66,0.4,0,2026-04-05,EMPTY,IN_TRANSIT_TO,13,0,1,153,80,0.1875,15,1,7.08,66,EMPTY,IN_TRANSIT_TO
3928315,62450,66,-1.45,0,2026-04-05,EMPTY,INCOMING_AT,13,0,1,153,80,0.0125,1,1,0.0,66,EMPTY,INCOMING_AT
3928319,63293,66,3.1,0,2026-04-05,EMPTY,IN_TRANSIT_TO,16,1,1,153,80,0.8875,71,1,21.21,66,EMPTY,IN_TRANSIT_TO
3928330,65649,66,-1.37,0,2026-04-05,EMPTY,IN_TRANSIT_TO,17,1,1,153,80,0.7125,57,1,21.14,66,EMPTY,IN_TRANSIT_TO
3928320,65973,66,-2.3,0,2026-04-05,EMPTY,IN_TRANSIT_TO,17,1,1,153,80,0.4875,39,1,16.0,66,EMPTY,IN_TRANSIT_TO
3928301,65220,66,0.38,0,2026-04-05,EMPTY,IN_TRANSIT_TO,17,1,1,153,80,0.2625,21,1,8.61,66,EMPTY,IN_TRANSIT_TO
3928302,62450,66,-13.9,0,2026-04-05,EMPTY,INCOMING_AT,17,1,1,153,80,0.0125,1,1,0.0,66,EMPTY,INCOMING_AT
3928303,63298,66,-2.98,0,2026-04-05,EMPTY,INCOMING_AT,19,1,1,153,80,0.9375,75,1,0.03,66,EMPTY,INCOMING_AT
3928333,63840,66,-1.0,0,2026-04-05,EMPTY,IN_TRANSIT_TO,19,1,1,153,80,0.25,20,1,0.0,66,EMPTY,IN_TRANSIT_TO
3928334,62458,66,0.97,0,2026-04-05,EMPTY,INCOMING_AT,18,1,1,153,80,0.025,2,1,11.0,66,EMPTY,INCOMING_AT
3928122,61124,66,-3.53,0,2026-04-23,EMPTY,IN_TRANSIT_TO,20,0,0,153,80,0.975,78,1,0.0,66,EMPTY,IN_TRANSIT_TO
3928144,63279,66,3.8,0,2026-04-23,FEW_SEATS_AVAILABLE,INCOMING_AT,20,0,0,153,80,0.7,56,1,12.44,66,FEW_SEATS_AVAILABLE,INCOMING_AT
3928151,60617,66,-0.32,0,2026-04-23,FEW_SEATS_AVAILABLE,IN_TRANSIT_TO,20,0,0,153,80,0.55,44,1,22.7,66,FEW_SEATS_AVAILABLE,IN_TRANSIT_TO
3928118,65220,66,5.08,1,2026-04-23,FEW_SEATS_AVAILABLE,IN_TRANSIT_TO,20,0,0,153,80,0.2625,21,1,0.0,66,FEW_SEATS_AVAILABLE,IN_TRANSIT_TO
3919880,60985,26,5.75,1,2026-04-05,FEW_SEATS_AVAILABLE,IN_TRANSIT_TO,13,0,1,118,50,0.8,40,1,26.77,26,FEW_SEATS_AVAILABLE,IN_TRANSIT_TO
3919861,60969,26,0.55,0,2026-04-05,EMPTY,IN_TRANSIT_TO,13,0,1,118,50,0.48,24,1,11.12,26,EMPTY,IN_TRANSIT_TO
3919892,60954,26,-1.45,0,2026-04-05,EMPTY,IN_TRANSIT_TO,13,0,1,118,50,0.2,10,1,4.13,26,EMPTY,IN_TRANSIT_TO
3919862,65802,26,-1.45,0,2026-04-05,EMPTY,INCOMING_AT,13,0,1,118,50,0.02,1,1,0.0,26,EMPTY,INCOMING_AT
3919863,65802,26,-21.45,0,2026-04-05,FULL,INCOMING_AT,13,0,1,118,50,0.02,1,1,0.0,26,FULL,INCOMING_AT
3919868,60950,26,15.68,1,2026-04-05,FULL,IN_TRANSIT_TO,16,1,1,118,50,0.12,6,1,34.44,26,FULL,IN_TRANSIT_TO
3919886,60949,26,-2.9,0,2026-04-05,EMPTY,IN_TRANSIT_TO,17,1,1,118,50,0.1,5,1,0.0,26,EMPTY,IN_TRANSIT_TO
3919869,65802,26,-9.9,0,2026-04-05,EMPTY,INCOMING_AT,17,1,1,118,50,0.02,1,1,0.0,26,EMPTY,INCOMING_AT
3919887,60962,26,-2.57,0,2026-04-05,EMPTY,INCOMING_AT,19,1,1,118,50,0.34,17,1,0.01,26,EMPTY,INCOMING_AT
3919872,65802,26,-2.57,0,2026-04-05,EMPTY,INCOMING_AT,19,1,1,118,50,0.02,1,1,0.0,26,EMPTY,INCOMING_AT
3919723,60995,26,3.8,0,2026-04-23,FEW_SEATS_AVAILABLE,IN_TRANSIT_TO,20,0,0,118,50,1.0,50,1,0.0,26,FEW_SEATS_AVAILABLE,IN_TRANSIT_TO
3919694,60974,26,2.28,0,2026-04-23,FEW_SEATS_AVAILABLE,IN_TRANSIT_TO,20,0,0,118,50,0.58,29,1,25.02,26,FEW_SEATS_AVAILABLE,IN_TRANSIT_TO
3919725,60955,26,-0.82,0,2026-04-23,FEW_SEATS_AVAILABLE,IN_TRANSIT_TO,20,0,0,118,59,0.1864406779661017,11,1,32.0,26,FEW_SEATS_AVAILABLE,IN_TRANSIT_TO
3919827,60936,26,5.55,1,2026-04-05,EMPTY,IN_TRANSIT_TO,13,0,1,118,52,0.6923076923076923,36,0,0.0,26,EMPTY,IN_TRANSIT_TO
3919828,60921,26,-2.72,0,2026-04-05,EMPTY,INCOMING_AT,13,0,1,118,52,0.4230769230769231,22,0,28.28,26,EMPTY,INCOMING_AT
3919851,60898,26,-3.45,0,2026-04-05,EMPTY,INCOMING_AT,13,0,1,118,52,0.019230769230769232,1,0,0.0,26,EMPTY,INCOMING_AT
3919834,60946,26,-0.15,0,2026-04-05,EMPTY,IN_TRANSIT_TO,17,1,1,118,52,0.8846153846153846,46,0,30.82,26,EMPTY,IN_TRANSIT_TO
3919855,60935,26,-2.9,0,2026-04-05,FEW_SEATS_AVAILABLE,INCOMING_AT,17,1,1,118,52,0.6730769230769231,35,0,0.46,26,FEW_SEATS_AVAILABLE,INCOMING_AT
3919835,60909,26,-0.9,0,2026-04-05,EMPTY,INCOMING_AT,17,1,1,118,52,0.21153846153846154,11,0,18.0,26,EMPTY,INCOMING_AT
3919836,60898,26,-12.9,0,2026-04-05,EMPTY,INCOMING_AT,17,1,1,118,52,0.019230769230769232,1,0,0.0,26,EMPTY,INCOMING_AT
3919838,60931,26,-0.57,0,2026-04-05,EMPTY,INCOMING_AT,19,1,1,118,52,0.6153846153846154,32,0,0.01,26,EMPTY,INCOMING_AT
3919839,60898,26,-6.57,0,2026-04-05,FEW_SEATS_AVAILABLE,INCOMING_AT,19,1,1,118,52,0.019230769230769232,1,0,0.0,26,FEW_SEATS_AVAILABLE,INCOMING_AT
3919629,60931,26,-0.2,0,2026-04-23,FEW_SEATS_AVAILABLE,INCOMING_AT,20,0,0,118,52,0.6153846153846154,32,0,0.01,26,FEW_SEATS_AVAILABLE,INCOMING_AT
3919661,60945,26,4.8,0,2026-04-23,FEW_SEATS_AVAILABLE,IN_TRANSIT_TO,20,0,0,118,61,0.8852459016393442,54,0,26.8,26,FEW_SEATS_AVAILABLE,IN_TRANSIT_TO
3926239,62641,60,-3.45,0,2026-04-05,EMPTY,IN_TRANSIT_TO,13,0,1,96,50,0.8,40,0,0.0,60,EMPTY,IN_TRANSIT_TO
3926240,60008,60,-5.45,0,2026-04-05,EMPTY,IN_TRANSIT_TO,13,0,1,96,50,0.62,31,0,0.72,60,EMPTY,IN_TRANSIT_TO
3926241,62720,60,-2.55,0,2026-04-05,EMPTY,IN_TRANSIT_TO,13,0,1,96,50,0.36,18,0,27.12,60,EMPTY,IN_TRANSIT_TO
3926271,65397,60,-3.45,0,2026-04-05,EMPTY,INCOMING_AT,13,0,1,96,50,0.02,1,0,0.0,60,EMPTY,INCOMING_AT
3926246,62642,60,5.6,1,2026-04-05,EMPTY,IN_TRANSIT_TO,16,1,1,96,50,0.82,41,0,30.01,60,EMPTY,IN_TRANSIT_TO
3926274,65952,60,-0.45,0,2026-04-05,EMPTY,IN_TRANSIT_TO,17,1,1,96,50,0.66,33,0,20.0,60,EMPTY,IN_TRANSIT_TO
3926247,61473,60,-0.58,0,2026-04-05,EMPTY,INCOMING_AT,17,1,1,96,50,0.52,26,0,0.2,60,EMPTY,INCOMING_AT
3926248,62710,60,2.32,0,2026-04-05,EMPTY,INCOMING_AT,16,1,1,96,50,0.12,6,0,0.0,60,EMPTY,INCOMING_AT
3926253,65867,60,-3.57,0,2026-04-05,EMPTY,IN_TRANSIT_TO,19,1,1,96,50,0.68,34,0,25.44,60,EMPTY,IN_TRANSIT_TO
3926276,61473,60,-1.25,0,2026-04-05,EMPTY,INCOMING_AT,19,1,1,96,50,0.52,26,0,28.0,60,EMPTY,INCOMING_AT
3926254,65397,60,-7.57,0,2026-04-05,EMPTY,INCOMING_AT,19,1,1,96,50,0.02,1,0,6.38,60,EMPTY,INCOMING_AT
3925993,65882,60,-3.2,0,2026-04-23,FEW_SEATS_AVAILABLE,IN_TRANSIT_TO,20,0,0,96,50,1.0,50,0,34.34,60,FEW_SEATS_AVAILABLE,IN_TRANSIT_TO
3926058,65867,60,-2.2,0,2026-04-23,EMPTY,IN_TRANSIT_TO,20,0,0,96,50,0.68,34,0,28.63,60,EMPTY,IN_TRANSIT_TO
3925994,60464,60,3.8,0,2026-04-23,EMPTY,INCOMING_AT,20,0,0,96,50,0.48,24,0,3.42,60,EMPTY,INCOMING_AT
3926059,62707,60,-0.37,0,2026-04-23,EMPTY,IN_TRANSIT_TO,20,0,0,96,50,0.06,3,0,27.8,60,EMPTY,IN_TRANSIT_TO
3926286,62760,60,-1.62,0,2026-04-05,EMPTY,IN_TRANSIT_TO,13,0,1,96,49,0.8979591836734694,44,1,0.01,60,EMPTY,IN_TRANSIT_TO
3926287,60461,60,2.55,0,2026-04-05,EMPTY,IN_TRANSIT_TO,13,0,1,96,49,0.4897959183673469,24,1,27.35,60,EMPTY,IN_TRANSIT_TO
3926321,60008,60,-2.45,0,2026-04-05,EMPTY,IN_TRANSIT_TO,13,0,1,96,49,0.3469387755102041,17,1,30.41,60,EMPTY,IN_TRANSIT_TO
3926288,65882,60,1.55,0,2026-04-05,EMPTY,INCOMING_AT,13,0,1,96,49,0.02040816326530612,1,1,0.0,60,EMPTY,INCOMING_AT
3926289,65882,60,-18.45,0,2026-04-05,EMPTY,INCOMING_AT,13,0,1,96,49,0.02040816326530612,1,1,0.0,60,EMPTY,INCOMING_AT
3926293,65397,60,2.1,0,2026-04-05,EMPTY,IN_TRANSIT_TO,16,1,1,96,49,1.0,49,1,24.22,60,EMPTY,IN_TRANSIT_TO
3926324,61618,60,1.57,0,2026-04-05,EMPTY,IN_TRANSIT_TO,16,1,1,96,49,0.6938775510204082,34,1,9.06,60,EMPTY,IN_TRANSIT_TO
3926294,64522,60,1.78,0,2026-04-05,EMPTY,IN_TRANSIT_TO,16,1,1,96,49,0.3877551020408163,19,1,37.87,60,EMPTY,IN_TRANSIT_TO
3926295,62672,60,3.08,0,2026-04-05,EMPTY,IN_TRANSIT_TO,16,1,1,96,49,0.1836734693877551,9,1,24.43,60,EMPTY,IN_TRANSIT_TO
3926325,65882,60,-7.9,0,2026-04-05,EMPTY,INCOMING_AT,17,1,1,96,49,0.02040816326530612,1,1,0.0,60,EMPTY,INCOMING_AT
3926326,62753,60,-1.57,0,2026-04-05,EMPTY,INCOMING_AT,19,1,1,96,49,0.7346938775510204,36,1,0.0,60,EMPTY,INCOMING_AT
3926298,60020,60,-4.57,0,2026-04-05,EMPTY,IN_TRANSIT_TO,19,1,1,96,49,0.4489795918367347,22,1,33.74,60,EMPTY,IN_TRANSIT_TO
3926299,64585,60,0.52,0,2026-04-05,EMPTY,IN_TRANSIT_TO,18,1,1,96,49,0.04081632653061224,2,1,0.0,60,EMPTY,IN_TRANSIT_TO
3926300,65882,60,-27.57,0,2026-04-05,EMPTY,INCOMING_AT,19,1,1,96,49,0.02040816326530612,1,1,0.0,60,EMPTY,INCOMING_AT
3926120,62757,60,-1.0,0,2026-04-23,EMPTY,INCOMING_AT,20,0,0,96,49,0.8571428571428571,42,1,0.0,60,EMPTY,INCOMING_AT
3926121,60020,60,0.52,0,2026-04-23,EMPTY,IN_TRANSIT_TO,20,0,0,96,49,0.4489795918367347,22,1,37.1,60,EMPTY,IN_TRANSIT_TO
3926062,65882,60,-8.2,0,2026-04-23,FEW_SEATS_AVAILABLE,INCOMING_AT,20,0,0,96,49,0.02040816326530612,1,1,0.0,60,FEW_SEATS_AVAILABLE,INCOMING_AT
3929009,60441,68,-3.67,0,2026-04-05,EMPTY,IN_TRANSIT_TO,13,0,1,188,95,0.9578947368421052,91,0,0.0,68,EMPTY,IN_TRANSIT_TO
3929010,61716,68,-1.45,0,2026-04-05,EMPTY,IN_TRANSIT_TO,13,0,1,188,95,0.7368421052631579,70,0,33.57,68,EMPTY,IN_TRANSIT_TO
3929026,63406,68,-3.45,0,2026-04-05,EMPTY,INCOMING_AT,13,0,1,188,95,0.5894736842105263,56,0,0.0,68,EMPTY,INCOMING_AT
3929011,63381,68,1.58,0,2026-04-05,EMPTY,IN_TRANSIT_TO,13,0,1,188,95,0.30526315789473685,29,0,18.0,68,EMPTY,IN_TRANSIT_TO
3929012,63358,68,2.55,0,2026-04-05,EMPTY,INCOMING_AT,13,0,1,188,95,0.05263157894736842,5,0,0.15,68,EMPTY,INCOMING_AT
3929027,63352,68,-10.45,0,2026-04-05,EMPTY,INCOMING_AT,13,0,1,188,95,0.010526315789473684,1,0,0.0,68,EMPTY,INCOMING_AT
3929029,63204,68,-1.78,0,2026-04-05,EMPTY,IN_TRANSIT_TO,17,1,1,188,95,0.8526315789473684,81,0,33.0,68,EMPTY,IN_TRANSIT_TO
3929018,63395,68,-0.58,0,2026-04-05,EMPTY,IN_TRANSIT_TO,17,1,1,188,95,0.4842105263157895,46,0,52.0,68,EMPTY,IN_TRANSIT_TO
3929030,63377,68,-2.85,0,2026-04-05,EMPTY,IN_TRANSIT_TO,17,1,1,188,95,0.25263157894736843,24,0,43.32,68,EMPTY,IN_TRANSIT_TO
3928996,63352,68,-2.9,0,2026-04-05,EMPTY,INCOMING_AT,17,1,1,188,95,0.010526315789473684,1,0,0.0,68,EMPTY,INCOMING_AT
3928997,63352,68,-22.9,0,2026-04-05,EMPTY,INCOMING_AT,17,1,1,188,95,0.010526315789473684,1,0,0.0,68,EMPTY,INCOMING_AT
3929031,63204,68,-2.45,0,2026-04-05,EMPTY,IN_TRANSIT_TO,19,1,1,188,95,0.8526315789473684,81,0,0.0,68,EMPTY,IN_TRANSIT_TO
3929038,61130,68,1.6,0,2026-04-05,EMPTY,IN_TRANSIT_TO,18,1,1,188,95,0.6210526315789474,59,0,31.0,68,EMPTY,IN_TRANSIT_TO
3928998,63392,68,0.53,0,2026-04-05,EMPTY,IN_TRANSIT_TO,18,1,1,188,95,0.45263157894736844,43,0,48.35,68,EMPTY,IN_TRANSIT_TO
3928999,63371,68,0.43,0,2026-04-05,EMPTY,IN_TRANSIT_TO,19,1,1,188,95,0.18947368421052632,18,0,46.35,68,EMPTY,IN_TRANSIT_TO
3928826,60442,68,-1.82,0,2026-04-23,EMPTY,INCOMING_AT,20,0,0,188,95,0.968421052631579,92,0,0.0,68,EMPTY,INCOMING_AT
3929000,63352,68,-13.57,0,2026-04-05,EMPTY,INCOMING_AT,19,1,1,188,95,0.010526315789473684,1,0,0.0,68,EMPTY,INCOMING_AT
3928802,63391,68,10.85,1,2026-04-23,FEW_SEATS_AVAILABLE,IN_TRANSIT_TO,20,0,0,188,95,0.4421052631578947,42,0,50.88,68,FEW_SEATS_AVAILABLE,IN_TRANSIT_TO
3928797,63364,68,6.22,1,2026-04-23,FEW_SEATS_AVAILABLE,IN_TRANSIT_TO,20,0,0,188,95,0.11578947368421053,11,0,45.0,68,FEW_SEATS_AVAILABLE,IN_TRANSIT_TO
3928821,63352,68,-15.2,0,2026-04-23,EMPTY,INCOMING_AT,20,0,0,188,95,0.010526315789473684,1,0,0.0,68,EMPTY,INCOMING_AT
3929055,63467,68,4.8,0,2026-04-05,EMPTY,IN_TRANSIT_TO,13,0,1,188,95,0.9473684210526315,90,1,14.31,68,EMPTY,IN_TRANSIT_TO
3929056,63444,68,3.62,0,2026-04-05,EMPTY,INCOMING_AT,13,0,1,188,95,0.6947368421052632,66,1,0.0,68,EMPTY,INCOMING_AT
3929071,63427,68,-1.45,0,2026-04-05,EMPTY,INCOMING_AT,13,0,1,188,95,0.49473684210526314,47,1,0.0,68,EMPTY,INCOMING_AT
3929057,63417,68,2.55,0,2026-04-05,EMPTY,IN_TRANSIT_TO,13,0,1,188,95,0.3263157894736842,31,1,0.0,68,EMPTY,IN_TRANSIT_TO
3929072,63413,68,-0.45,0,2026-04-05,EMPTY,INCOMING_AT,13,0,1,188,95,0.010526315789473684,1,1,0.0,68,EMPTY,INCOMING_AT
3929074,63461,68,0.2,0,2026-04-05,EMPTY,IN_TRANSIT_TO,17,1,1,188,95,0.8631578947368421,82,1,0.0,68,EMPTY,IN_TRANSIT_TO
3929063,63440,68,-1.93,0,2026-04-05,EMPTY,IN_TRANSIT_TO,17,1,1,188,95,0.6210526315789474,59,1,41.0,68,EMPTY,IN_TRANSIT_TO
3929064,63419,68,-0.57,0,2026-04-05,EMPTY,IN_TRANSIT_TO,17,1,1,188,95,0.42105263157894735,40,1,14.59,68,EMPTY,IN_TRANSIT_TO
3929075,61784,68,-1.68,0,2026-04-05,EMPTY,IN_TRANSIT_TO,17,1,1,188,95,0.29473684210526313,28,1,25.44,68,EMPTY,IN_TRANSIT_TO
3929065,63266,68,-0.5,0,2026-04-05,EMPTY,INCOMING_AT,17,1,1,188,95,0.08421052631578947,8,1,18.0,68,EMPTY,INCOMING_AT
3929076,63469,68,-4.5,0,2026-04-05,EMPTY,IN_TRANSIT_TO,19,1,1,188,95,0.968421052631579,92,1,28.95,68,EMPTY,IN_TRANSIT_TO
3929046,63438,68,0.55,0,2026-04-05,EMPTY,IN_TRANSIT_TO,18,1,1,188,95,0.6105263157894737,58,1,3.2,68,EMPTY,IN_TRANSIT_TO
3929077,61124,68,-14.52,0,2026-04-05,EMPTY,IN_TRANSIT_TO,19,1,1,188,95,0.3894736842105263,37,1,0.01,68,EMPTY,IN_TRANSIT_TO
3928862,63447,68,3.9,0,2026-04-23,EMPTY,IN_TRANSIT_TO,20,0,0,188,95,0.7263157894736842,69,1,47.0,68,EMPTY,IN_TRANSIT_TO
3928887,63438,68,-2.4,0,2026-04-23,EMPTY,INCOMING_AT,20,0,0,188,95,0.6105263157894737,58,1,15.0,68,EMPTY,INCOMING_AT
3928891,63418,68,0.8,0,2026-04-23,EMPTY,INCOMING_AT,20,0,0,188,95,0.4105263157894737,39,1,15.0,68,EMPTY,INCOMING_AT
3928863,63416,68,-0.27,0,2026-04-23,FEW_SEATS_AVAILABLE,IN_TRANSIT_TO,20,0,0,188,95,0.3157894736842105,30,1,30.39,68,FEW_SEATS_AVAILABLE,IN_TRANSIT_TO
3928888,63275,68,-1.37,0,2026-04-23,EMPTY,IN_TRANSIT_TO,20,0,0,188,95,0.14736842105263157,14,1,18.0,68,EMPTY,IN_TRANSIT_TO
3934252,61780,73,-3.45,0,2026-04-05,EMPTY,IN_TRANSIT_TO,13,0,1,61,35,0.9142857142857143,32,1,39.0,73,EMPTY,IN_TRANSIT_TO
3934253,60413,73,1.97,0,2026-04-05,EMPTY,INCOMING_AT,13,0,1,61,35,0.14285714285714285,5,1,0.0,73,EMPTY,INCOMING_AT
3934260,63735,73,1.43,0,2026-04-05,EMPTY,IN_TRANSIT_TO,16,1,1,61,35,0.17142857142857143,6,1,11.13,73,EMPTY,IN_TRANSIT_TO
3934263,61780,73,-0.57,0,2026-04-05,EMPTY,INCOMING_AT,19,1,1,61,35,0.9142857142857143,32,1,38.0,73,EMPTY,INCOMING_AT
3934264,65515,73,4.43,0,2026-04-05,FULL,IN_TRANSIT_TO,18,1,1,61,35,0.11428571428571428,4,1,24.31,73,FULL,IN_TRANSIT_TO
3941500,63591,73,2.8,0,2026-04-23,EMPTY,IN_TRANSIT_TO,20,0,0,61,35,0.8285714285714286,29,1,20.5,73,EMPTY,IN_TRANSIT_TO
3941501,63800,73,0.83,0,2026-04-23,FEW_SEATS_AVAILABLE,IN_TRANSIT_TO,20,0,0,61,35,0.2,7,1,14.02,73,FEW_SEATS_AVAILABLE,IN_TRANSIT_TO
3934224,65516,73,-3.45,0,2026-04-05,EMPTY,INCOMING_AT,13,0,1,61,27,0.9259259259259259,25,0,10.0,73,EMPTY,INCOMING_AT
3934231,65516,73,-2.9,0,2026-04-05,EMPTY,IN_TRANSIT_TO,17,1,1,61,27,0.9259259259259259,25,0,9.0,73,EMPTY,IN_TRANSIT_TO
3934235,62944,73,-0.8,0,2026-04-05,EMPTY,IN_TRANSIT_TO,19,1,1,61,27,0.8518518518518519,23,0,0.01,73,EMPTY,IN_TRANSIT_TO
3941443,63790,73,2.83,0,2026-04-23,EMPTY,INCOMING_AT,20,0,0,61,27,0.48148148148148145,13,0,0.0,73,EMPTY,INCOMING_AT
3919006,60697,25,6.55,1,2026-04-05,EMPTY,IN_TRANSIT_TO,13,0,1,136,67,1.0,67,1,6.02,25,EMPTY,IN_TRANSIT_TO
3919029,60815,25,10.37,1,2026-04-05,EMPTY,IN_TRANSIT_TO,13,0,1,136,67,0.582089552238806,39,1,17.0,25,EMPTY,IN_TRANSIT_TO
3919007,65906,25,-3.45,0,2026-04-05,EMPTY,IN_TRANSIT_TO,13,0,1,136,67,0.373134328358209,25,1,28.52,25,EMPTY,IN_TRANSIT_TO
3919030,60781,25,-0.45,0,2026-04-05,EMPTY,INCOMING_AT,13,0,1,136,67,0.1044776119402985,7,1,0.21,25,EMPTY,INCOMING_AT
3919008,65047,25,-23.45,0,2026-04-05,EMPTY,INCOMING_AT,13,0,1,136,67,0.014925373134328358,1,1,0.0,25,EMPTY,INCOMING_AT
3919010,60826,25,1.05,0,2026-04-05,EMPTY,IN_TRANSIT_TO,17,1,1,136,67,0.6865671641791045,46,1,26.0,25,EMPTY,IN_TRANSIT_TO
3919033,60791,25,12.18,1,2026-04-05,EMPTY,INCOMING_AT,16,1,1,136,67,0.23880597014925373,16,1,0.0,25,EMPTY,INCOMING_AT
3919011,65047,25,5.1,1,2026-04-05,EMPTY,INCOMING_AT,16,1,1,136,67,0.014925373134328358,1,1,0.0,25,EMPTY,INCOMING_AT
3919059,60828,25,-0.62,0,2026-04-05,FEW_SEATS_AVAILABLE,INCOMING_AT,19,1,1,136,67,0.7014925373134329,47,1,39.0,25,FEW_SEATS_AVAILABLE,INCOMING_AT
3919012,65047,25,0.43,0,2026-04-05,EMPTY,INCOMING_AT,19,1,1,136,51,0.0196078431372549,1,1,0.0,25,EMPTY,INCOMING_AT
3918808,65047,25,-210.2,0,2026-04-23,EMPTY,INCOMING_AT,23,0,0,136,40,0.025,1,1,0.0,25,EMPTY,INCOMING_AT
3919038,60811,25,0.55,0,2026-04-05,EMPTY,INCOMING_AT,13,0,1,136,41,0.8536585365853658,35,1,9.36,25,EMPTY,INCOMING_AT
3919021,60790,25,-0.65,0,2026-04-05,EMPTY,INCOMING_AT,13,0,1,136,41,0.36585365853658536,15,1,18.0,25,EMPTY,INCOMING_AT
3919039,65047,25,-8.45,0,2026-04-05,EMPTY,INCOMING_AT,13,0,1,136,41,0.024390243902439025,1,1,0.0,25,EMPTY,INCOMING_AT
3919024,60815,25,-4.08,0,2026-04-05,EMPTY,INCOMING_AT,17,1,1,136,41,0.9512195121951219,39,1,13.0,25,EMPTY,INCOMING_AT
3919042,60789,25,4.1,0,2026-04-05,EMPTY,IN_TRANSIT_TO,16,1,1,136,41,0.34146341463414637,14,1,11.45,25,EMPTY,IN_TRANSIT_TO
3919043,65047,25,-10.9,0,2026-04-05,EMPTY,INCOMING_AT,17,1,1,136,41,0.024390243902439025,1,1,0.01,25,EMPTY,INCOMING_AT
3919062,60812,25,-0.98,0,2026-04-05,EMPTY,IN_TRANSIT_TO,19,1,1,136,41,0.8780487804878049,36,1,0.0,25,EMPTY,IN_TRANSIT_TO
3919060,60797,25,1.48,0,2026-04-05,EMPTY,IN_TRANSIT_TO,18,1,1,136,41,0.5609756097560976,23,1,28.9,25,EMPTY,IN_TRANSIT_TO
3918804,60794,25,2.82,0,2026-04-23,FEW_SEATS_AVAILABLE,INCOMING_AT,20,0,0,136,41,0.4878048780487805,20,1,19.41,25,FEW_SEATS_AVAILABLE,INCOMING_AT
3918971,60759,25,-4.97,0,2026-04-05,EMPTY,IN_TRANSIT_TO,13,0,1,136,46,0.6086956521739131,28,0,31.82,25,EMPTY,IN_TRANSIT_TO
3918983,65047,25,-2.9,0,2026-04-05,EMPTY,IN_TRANSIT_TO,17,1,1,136,46,1.0,46,0,0.07,25,EMPTY,IN_TRANSIT_TO
3918985,60758,25,-0.35,0,2026-04-05,FEW_SEATS_AVAILABLE,INCOMING_AT,17,1,1,136,46,0.5869565217391305,27,0,20.0,25,FEW_SEATS_AVAILABLE,INCOMING_AT
3918987,60730,25,-0.9,0,2026-04-05,EMPTY,INCOMING_AT,17,1,1,136,46,0.043478260869565216,2,0,7.0,25,EMPTY,INCOMING_AT
3918996,65047,25,0.43,0,2026-04-05,EMPTY,IN_TRANSIT_TO,19,1,1,136,46,1.0,46,0,14.93,25,EMPTY,IN_TRANSIT_TO
3918992,60759,25,-2.07,0,2026-04-05,EMPTY,IN_TRANSIT_TO,19,1,1,136,46,0.6086956521739131,28,0,16.75,25,EMPTY,IN_TRANSIT_TO
3918994,66033,25,-0.57,0,2026-04-05,EMPTY,INCOMING_AT,19,1,1,136,46,0.021739130434782608,1,0,0.0,25,EMPTY,INCOMING_AT
3918732,66033,25,5.8,1,2026-04-23,EMPTY,INCOMING_AT,20,0,0,136,46,0.021739130434782608,1,0,0.0,25,EMPTY,INCOMING_AT
3918970,60765,25,-2.53,0,2026-04-05,EMPTY,INCOMING_AT,13,0,1,136,71,0.8169014084507042,58,0,0.0,25,EMPTY,INCOMING_AT
3918972,60742,25,1.58,0,2026-04-05,EMPTY,INCOMING_AT,13,0,1,136,71,0.5352112676056338,38,0,33.82,25,EMPTY,INCOMING_AT
3918974,60706,25,-1.0,0,2026-04-05,EMPTY,IN_TRANSIT_TO,13,0,1,136,71,0.14084507042253522,10,0,28.0,25,EMPTY,IN_TRANSIT_TO
3918984,60768,25,-3.35,0,2026-04-05,EMPTY,INCOMING_AT,17,1,1,136,71,0.8591549295774648,61,0,0.51,25,EMPTY,INCOMING_AT
3918986,60742,25,2.35,0,2026-04-05,EMPTY,IN_TRANSIT_TO,16,1,1,136,71,0.5352112676056338,38,0,29.7,25,EMPTY,IN_TRANSIT_TO
3918990,60697,25,-19.9,0,2026-04-05,EMPTY,INCOMING_AT,17,1,1,136,71,0.014084507042253521,1,0,0.01,25,EMPTY,INCOMING_AT
3918991,60765,25,2.35,0,2026-04-05,EMPTY,IN_TRANSIT_TO,18,1,1,136,71,0.8169014084507042,58,0,19.0,25,EMPTY,IN_TRANSIT_TO
3918993,60745,25,-0.42,0,2026-04-05,EMPTY,IN_TRANSIT_TO,19,1,1,136,71,0.5633802816901409,40,0,30.02,25,EMPTY,IN_TRANSIT_TO
3919001,60697,25,-10.57,0,2026-04-05,EMPTY,INCOMING_AT,19,1,1,136,71,0.014084507042253521,1,0,0.0,25,EMPTY,INCOMING_AT
3918727,60753,25,2.95,0,2026-04-23,FEW_SEATS_AVAILABLE,INCOMING_AT,20,0,0,136,71,0.6619718309859155,47,0,18.0,25,FEW_SEATS_AVAILABLE,INCOMING_AT
3918728,60699,25,0.3,0,2026-04-23,FULL,IN_TRANSIT_TO,20,0,0,136,71,0.04225352112676056,3,0,9.6,25,FULL,IN_TRANSIT_TO
3925274,62509,57,2.27,0,2026-04-23,FEW_SEATS_AVAILABLE,IN_TRANSIT_TO,20,0,0,83,42,0.42857142857142855,18,0,4.0,57,FEW_SEATS_AVAILABLE,IN_TRANSIT_TO
3925404,62518,57,2.75,0,2026-04-05,EMPTY,INCOMING_AT,13,0,1,83,41,0.7073170731707317,29,0,30.31,57,EMPTY,INCOMING_AT
3925405,62494,57,4.23,0,2026-04-05,EMPTY,IN_TRANSIT_TO,13,0,1,83,41,0.04878048780487805,2,0,26.63,57,EMPTY,IN_TRANSIT_TO
3925411,62522,57,-3.9,0,2026-04-05,EMPTY,IN_TRANSIT_TO,17,1,1,83,41,0.8536585365853658,35,0,18.02,57,EMPTY,IN_TRANSIT_TO
3925412,62498,57,0.83,0,2026-04-05,EMPTY,IN_TRANSIT_TO,17,1,1,83,41,0.14634146341463414,6,0,31.0,57,EMPTY,IN_TRANSIT_TO
3925419,62520,57,-0.7,0,2026-04-05,EMPTY,IN_TRANSIT_TO,19,1,1,83,41,0.7804878048780488,32,0,22.32,57,EMPTY,IN_TRANSIT_TO
3925415,62234,57,-0.3,0,2026-04-05,EMPTY,IN_TRANSIT_TO,19,1,1,83,41,0.2682926829268293,11,0,16.01,57,EMPTY,IN_TRANSIT_TO
3925443,61957,57,0.43,0,2026-04-05,EMPTY,INCOMING_AT,19,1,1,83,33,0.030303030303030304,1,1,0.01,57,EMPTY,INCOMING_AT
3925337,62551,57,0.22,0,2026-04-23,FEW_SEATS_AVAILABLE,IN_TRANSIT_TO,20,0,0,83,44,0.5909090909090909,26,1,33.47,57,FEW_SEATS_AVAILABLE,IN_TRANSIT_TO
3925336,61957,57,-7.2,0,2026-04-23,EMPTY,INCOMING_AT,20,0,0,83,34,0.029411764705882353,1,1,0.01,57,EMPTY,INCOMING_AT
3925432,62555,57,-1.2,0,2026-04-05,EMPTY,IN_TRANSIT_TO,13,0,1,83,43,0.6744186046511628,29,1,0.07,57,EMPTY,IN_TRANSIT_TO
3925433,61957,57,0.55,0,2026-04-05,EMPTY,INCOMING_AT,13,0,1,83,43,0.023255813953488372,1,1,0.04,57,EMPTY,INCOMING_AT
3925439,62558,57,-2.78,0,2026-04-05,EMPTY,IN_TRANSIT_TO,17,1,1,83,43,0.7209302325581395,31,1,38.2,57,EMPTY,IN_TRANSIT_TO
3925440,62534,57,-0.23,0,2026-04-05,EMPTY,IN_TRANSIT_TO,17,1,1,83,43,0.09302325581395349,4,1,25.79,57,EMPTY,IN_TRANSIT_TO
3925448,62560,57,-1.57,0,2026-04-05,EMPTY,INCOMING_AT,19,1,1,83,43,0.7674418604651163,33,1,0.0,57,EMPTY,INCOMING_AT
3929822,63956,70,2.85,0,2026-04-05,EMPTY,IN_TRANSIT_TO,13,0,1,110,56,0.75,42,1,23.11,70,EMPTY,IN_TRANSIT_TO
3929803,62856,70,2.12,0,2026-04-05,EMPTY,IN_TRANSIT_TO,13,0,1,110,56,0.26785714285714285,15,1,0.0,70,EMPTY,IN_TRANSIT_TO
3929806,63591,70,-0.52,0,2026-04-05,EMPTY,INCOMING_AT,17,1,1,110,56,0.9107142857142857,51,1,0.0,70,EMPTY,INCOMING_AT
3929818,63568,70,-0.23,0,2026-04-05,EMPTY,INCOMING_AT,17,1,1,110,56,0.44642857142857145,25,1,0.02,70,EMPTY,INCOMING_AT
3929807,65884,70,-9.9,0,2026-04-05,EMPTY,INCOMING_AT,17,1,1,110,56,0.017857142857142856,1,1,0.0,70,EMPTY,INCOMING_AT
3929808,61717,70,-2.75,0,2026-04-05,EMPTY,IN_TRANSIT_TO,19,1,1,110,56,0.9464285714285714,53,1,29.14,70,EMPTY,IN_TRANSIT_TO
3929809,65884,70,-11.57,0,2026-04-05,EMPTY,INCOMING_AT,19,1,1,110,56,0.017857142857142856,1,1,0.0,70,EMPTY,INCOMING_AT
3929631,63582,70,-3.28,0,2026-04-23,FEW_SEATS_AVAILABLE,IN_TRANSIT_TO,20,0,0,110,56,0.7857142857142857,44,1,26.24,70,FEW_SEATS_AVAILABLE,IN_TRANSIT_TO
3929642,65884,70,-10.2,0,2026-04-23,EMPTY,INCOMING_AT,20,0,0,110,56,0.017857142857142856,1,1,0.0,70,EMPTY,INCOMING_AT
3929821,64684,70,-0.82,0,2026-04-05,EMPTY,IN_TRANSIT_TO,13,0,1,110,40,0.45,18,1,9.0,70,EMPTY,IN_TRANSIT_TO
3929817,65811,70,3.1,0,2026-04-05,FEW_SEATS_AVAILABLE,INCOMING_AT,16,1,1,110,40,0.5,20,1,9.14,70,FEW_SEATS_AVAILABLE,INCOMING_AT
3929792,65873,70,-11.9,0,2026-04-05,EMPTY,INCOMING_AT,17,1,1,110,40,0.025,1,1,0.0,70,EMPTY,INCOMING_AT
3929823,65811,70,3.43,0,2026-04-05,EMPTY,INCOMING_AT,18,1,1,110,40,0.5,20,1,9.0,70,EMPTY,INCOMING_AT
3929826,65873,70,-11.57,0,2026-04-05,EMPTY,INCOMING_AT,19,1,1,110,40,0.025,1,1,0.0,70,EMPTY,INCOMING_AT
3929632,63325,70,-2.2,0,2026-04-23,EMPTY,IN_TRANSIT_TO,20,0,0,110,40,1.0,40,1,0.01,70,EMPTY,IN_TRANSIT_TO
3929641,63565,70,5.5,1,2026-04-23,EMPTY,IN_TRANSIT_TO,20,0,0,110,40,0.15,6,1,33.84,70,EMPTY,IN_TRANSIT_TO
3929637,65873,70,-10.2,0,2026-04-23,EMPTY,INCOMING_AT,20,0,0,110,40,0.025,1,1,0.0,70,EMPTY,INCOMING_AT
3929743,64652,70,-5.93,0,2026-04-05,EMPTY,IN_TRANSIT_TO,13,0,1,110,56,0.9642857142857143,54,0,37.95,70,EMPTY,IN_TRANSIT_TO
3929744,63817,70,-1.53,0,2026-04-05,EMPTY,IN_TRANSIT_TO,13,0,1,110,56,0.375,21,0,33.81,70,EMPTY,IN_TRANSIT_TO
3929771,63325,70,-1.45,0,2026-04-05,EMPTY,INCOMING_AT,13,0,1,110,56,0.017857142857142856,1,0,0.0,70,EMPTY,INCOMING_AT
3929747,63505,70,-1.52,0,2026-04-05,EMPTY,IN_TRANSIT_TO,17,1,1,110,56,0.5,28,0,27.0,70,EMPTY,IN_TRANSIT_TO
3929748,63488,70,-1.57,0,2026-04-05,EMPTY,IN_TRANSIT_TO,17,1,1,110,56,0.10714285714285714,6,0,29.45,70,EMPTY,IN_TRANSIT_TO
3929749,63504,70,-0.57,0,2026-04-05,EMPTY,INCOMING_AT,19,1,1,110,56,0.48214285714285715,27,0,0.0,70,EMPTY,INCOMING_AT
3929562,65878,70,-0.2,0,2026-04-23,EMPTY,IN_TRANSIT_TO,20,0,0,110,56,0.9821428571428571,55,0,8.56,70,EMPTY,IN_TRANSIT_TO
3929571,63817,70,-0.33,0,2026-04-23,EMPTY,IN_TRANSIT_TO,20,0,0,110,56,0.375,21,0,3.0,70,EMPTY,IN_TRANSIT_TO
3929757,61650,70,-1.25,0,2026-04-05,EMPTY,IN_TRANSIT_TO,13,0,1,110,40,0.925,37,0,31.53,70,EMPTY,IN_TRANSIT_TO
3929758,63494,70,3.13,0,2026-04-05,EMPTY,INCOMING_AT,13,0,1,110,40,0.275,11,0,0.0,70,EMPTY,INCOMING_AT
3929772,63325,70,-21.45,0,2026-04-05,EMPTY,INCOMING_AT,13,0,1,110,40,0.025,1,0,0.0,70,EMPTY,INCOMING_AT
3929761,65807,70,-5.9,0,2026-04-05,EMPTY,IN_TRANSIT_TO,17,1,1,110,40,0.5,20,0,14.02,70,EMPTY,IN_TRANSIT_TO
3929781,63325,70,-9.9,0,2026-04-05,EMPTY,INCOMING_AT,17,1,1,110,40,0.025,1,0,0.0,70,EMPTY,INCOMING_AT
3929750,63495,70,5.28,1,2026-04-05,EMPTY,IN_TRANSIT_TO,18,1,1,110,40,0.3,12,0,0.0,70,EMPTY,IN_TRANSIT_TO
3929780,61713,70,-1.22,0,2026-04-05,EMPTY,IN_TRANSIT_TO,19,1,1,110,40,0.075,3,0,20.38,70,EMPTY,IN_TRANSIT_TO
3929564,63492,70,1.18,0,2026-04-23,FEW_SEATS_AVAILABLE,INCOMING_AT,20,0,0,110,40,0.225,9,0,0.14,70,FEW_SEATS_AVAILABLE,INCOMING_AT
3933092,65886,71,-24.45,0,2026-04-05,EMPTY,INCOMING_AT,13,0,1,80,41,0.024390243902439025,1,1,0.0,71,EMPTY,INCOMING_AT
3933097,65805,71,-3.9,0,2026-04-05,EMPTY,IN_TRANSIT_TO,17,1,1,80,41,1.0,41,1,17.0,71,EMPTY,IN_TRANSIT_TO
3933098,62654,71,-0.2,0,2026-04-05,EMPTY,IN_TRANSIT_TO,17,1,1,80,41,0.12195121951219512,5,1,13.56,71,EMPTY,IN_TRANSIT_TO
3933101,63677,71,-0.98,0,2026-04-05,EMPTY,IN_TRANSIT_TO,19,1,1,80,41,0.4878048780487805,20,1,27.07,71,EMPTY,IN_TRANSIT_TO
3932952,63682,71,5.45,1,2026-04-23,FEW_SEATS_AVAILABLE,IN_TRANSIT_TO,20,0,0,80,41,0.6585365853658537,27,1,34.65,71,FEW_SEATS_AVAILABLE,IN_TRANSIT_TO
3933066,63600,71,-2.45,0,2026-04-05,EMPTY,INCOMING_AT,13,0,1,80,41,0.2926829268292683,12,0,0.01,71,EMPTY,INCOMING_AT
3933067,65805,71,-17.45,0,2026-04-05,EMPTY,INCOMING_AT,13,0,1,80,41,0.024390243902439025,1,0,0.0,71,EMPTY,INCOMING_AT
3933073,63598,71,0.23,0,2026-04-05,EMPTY,IN_TRANSIT_TO,17,1,1,80,41,0.24390243902439024,10,0,27.74,71,EMPTY,IN_TRANSIT_TO
3933077,65805,71,5.43,1,2026-04-05,EMPTY,INCOMING_AT,18,1,1,80,41,0.024390243902439025,1,0,0.0,71,EMPTY,INCOMING_AT
3932891,63612,71,-0.5,0,2026-04-23,EMPTY,INCOMING_AT,20,0,0,80,41,0.5609756097560976,23,0,3.28,71,EMPTY,INCOMING_AT
3926966,61621,61,-3.12,0,2026-04-05,EMPTY,INCOMING_AT,13,0,1,126,55,0.5272727272727272,29,0,0.0,61,EMPTY,INCOMING_AT
3926972,62839,61,-0.25,0,2026-04-05,EMPTY,IN_TRANSIT_TO,17,1,1,126,55,0.8727272727272727,48,0,7.23,61,EMPTY,IN_TRANSIT_TO
3926974,64695,61,-7.9,0,2026-04-05,EMPTY,INCOMING_AT,17,1,1,126,55,0.01818181818181818,1,0,0.0,61,EMPTY,INCOMING_AT
3926980,64695,61,-11.57,0,2026-04-05,EMPTY,INCOMING_AT,19,1,1,126,55,0.01818181818181818,1,0,0.0,61,EMPTY,INCOMING_AT
3926814,62817,61,9.65,1,2026-04-23,FEW_SEATS_AVAILABLE,INCOMING_AT,20,0,0,126,55,0.36363636363636365,20,0,33.21,61,FEW_SEATS_AVAILABLE,INCOMING_AT
3926816,64695,61,-30.2,0,2026-04-23,FEW_SEATS_AVAILABLE,INCOMING_AT,20,0,0,126,55,0.01818181818181818,1,0,0.01,61,FEW_SEATS_AVAILABLE,INCOMING_AT
3926998,62865,61,-1.63,0,2026-04-05,EMPTY,IN_TRANSIT_TO,13,0,1,126,56,0.25,14,1,12.81,61,EMPTY,IN_TRANSIT_TO
3927004,62882,61,-3.9,0,2026-04-05,EMPTY,IN_TRANSIT_TO,17,1,1,126,56,0.7142857142857143,40,1,24.06,61,EMPTY,IN_TRANSIT_TO
3927006,65526,61,-12.9,0,2026-04-05,EMPTY,INCOMING_AT,17,1,1,126,56,0.017857142857142856,1,1,0.0,61,EMPTY,INCOMING_AT
3927008,62881,61,0.58,0,2026-04-05,EMPTY,INCOMING_AT,18,1,1,126,56,0.6964285714285714,39,1,0.01,61,EMPTY,INCOMING_AT
3927010,65526,61,-14.57,0,2026-04-05,EMPTY,INCOMING_AT,19,1,1,126,56,0.017857142857142856,1,1,0.0,61,EMPTY,INCOMING_AT
3926878,62883,61,-1.2,0,2026-04-23,FEW_SEATS_AVAILABLE,INCOMING_AT,20,0,0,126,56,0.8214285714285714,46,1,0.01,61,FEW_SEATS_AVAILABLE,INCOMING_AT
3926880,65607,61,-0.47,0,2026-04-23,FEW_SEATS_AVAILABLE,IN_TRANSIT_TO,20,0,0,126,56,0.14285714285714285,8,1,20.67,61,FEW_SEATS_AVAILABLE,IN_TRANSIT_TO
3926965,62841,61,-2.5,0,2026-04-05,EMPTY,INCOMING_AT,13,0,1,126,53,0.8867924528301887,47,0,13.22,61,EMPTY,INCOMING_AT
3926967,61821,61,-9.45,0,2026-04-05,EMPTY,INCOMING_AT,13,0,1,126,53,0.018867924528301886,1,0,0.0,61,EMPTY,INCOMING_AT
3926973,62825,61,0.1,0,2026-04-05,EMPTY,IN_TRANSIT_TO,17,1,1,126,53,0.4528301886792453,24,0,0.03,61,EMPTY,IN_TRANSIT_TO
3926979,60815,61,2.63,0,2026-04-05,EMPTY,IN_TRANSIT_TO,18,1,1,126,53,0.39622641509433965,21,0,12.89,61,EMPTY,IN_TRANSIT_TO
3926813,65870,61,-3.2,0,2026-04-23,EMPTY,IN_TRANSIT_TO,20,0,0,126,53,0.8490566037735849,45,0,0.29,61,EMPTY,IN_TRANSIT_TO
3926815,61821,61,0.8,0,2026-04-23,FEW_SEATS_AVAILABLE,INCOMING_AT,20,0,0,126,53,0.018867924528301886,1,0,0.0,61,FEW_SEATS_AVAILABLE,INCOMING_AT
3926997,62882,61,-3.45,0,2026-04-05,EMPTY,INCOMING_AT,13,0,1,126,53,0.7547169811320755,40,1,0.03,61,EMPTY,INCOMING_AT
3927009,65871,61,7.43,1,2026-04-05,EMPTY,INCOMING_AT,18,1,1,126,53,0.16981132075471697,9,1,12.14,61,EMPTY,INCOMING_AT
3921299,62439,47,4.8,0,2026-04-23,FEW_SEATS_AVAILABLE,INCOMING_AT,20,0,0,36,20,0.05,1,0,0.01,47,FEW_SEATS_AVAILABLE,INCOMING_AT
3921331,65889,47,-3.2,0,2026-04-23,FULL,INCOMING_AT,20,0,0,36,21,0.047619047619047616,1,1,0.01,47,FULL,INCOMING_AT
3921407,64578,47,1.0,0,2026-04-05,EMPTY,IN_TRANSIT_TO,18,1,1,36,11,0.18181818181818182,2,1,34.49,47,EMPTY,IN_TRANSIT_TO
3918070,60662,23,-2.73,0,2026-04-05,EMPTY,INCOMING_AT,13,0,1,108,55,0.9818181818181818,54,1,0.0,23,EMPTY,INCOMING_AT
3918093,60648,23,-1.93,0,2026-04-05,EMPTY,IN_TRANSIT_TO,13,0,1,108,55,0.7636363636363637,42,1,26.61,23,EMPTY,IN_TRANSIT_TO
3918071,66001,23,2.73,0,2026-04-05,EMPTY,INCOMING_AT,13,0,1,108,55,0.5272727272727272,29,1,14.11,23,EMPTY,INCOMING_AT
3918072,60431,23,7.95,1,2026-04-05,EMPTY,INCOMING_AT,13,0,1,108,55,0.2,11,1,0.0,23,EMPTY,INCOMING_AT
3918073,63070,23,0.32,0,2026-04-05,EMPTY,IN_TRANSIT_TO,13,0,1,108,55,0.10909090909090909,6,1,14.37,23,EMPTY,IN_TRANSIT_TO
3918074,65320,23,-23.45,0,2026-04-05,EMPTY,INCOMING_AT,13,0,1,108,55,0.01818181818181818,1,1,0.0,23,EMPTY,INCOMING_AT
3918080,65637,23,-2.9,0,2026-04-05,EMPTY,IN_TRANSIT_TO,17,1,1,108,55,1.0,55,1,11.78,23,EMPTY,IN_TRANSIT_TO
3918081,60645,23,1.53,0,2026-04-05,EMPTY,IN_TRANSIT_TO,16,1,1,108,55,0.7272727272727273,40,1,0.0,23,EMPTY,IN_TRANSIT_TO
3918082,60631,23,-0.02,0,2026-04-05,EMPTY,IN_TRANSIT_TO,17,1,1,108,55,0.5636363636363636,31,1,29.89,23,EMPTY,IN_TRANSIT_TO
3918083,65320,23,6.1,1,2026-04-05,EMPTY,INCOMING_AT,16,1,1,108,55,0.01818181818181818,1,1,0.0,23,EMPTY,INCOMING_AT
3918084,65320,23,-8.9,0,2026-04-05,EMPTY,INCOMING_AT,17,1,1,108,55,0.01818181818181818,1,1,0.0,23,EMPTY,INCOMING_AT
3918085,65320,23,-23.9,0,2026-04-05,EMPTY,INCOMING_AT,17,1,1,108,55,0.01818181818181818,1,1,0.02,23,EMPTY,INCOMING_AT
3918108,60645,23,2.87,0,2026-04-05,EMPTY,IN_TRANSIT_TO,18,1,1,108,55,0.7272727272727273,40,1,35.98,23,EMPTY,IN_TRANSIT_TO
3918087,60631,23,0.08,0,2026-04-05,EMPTY,IN_TRANSIT_TO,19,1,1,108,55,0.5636363636363636,31,1,29.6,23,EMPTY,IN_TRANSIT_TO
3918098,63264,23,-1.57,0,2026-04-05,EMPTY,INCOMING_AT,19,1,1,108,55,0.32727272727272727,18,1,0.0,23,EMPTY,INCOMING_AT
3918088,63066,23,3.08,0,2026-04-05,EMPTY,INCOMING_AT,18,1,1,108,55,0.05454545454545454,3,1,11.9,23,EMPTY,INCOMING_AT
3918058,65320,23,-10.57,0,2026-04-05,EMPTY,INCOMING_AT,19,1,1,108,55,0.01818181818181818,1,1,0.01,23,EMPTY,INCOMING_AT
3917829,60653,23,-0.25,0,2026-04-23,EMPTY,IN_TRANSIT_TO,20,0,0,108,55,0.8181818181818182,45,1,11.15,23,EMPTY,IN_TRANSIT_TO
3917856,66001,23,1.83,0,2026-04-23,FEW_SEATS_AVAILABLE,INCOMING_AT,20,0,0,108,55,0.5272727272727272,29,1,7.26,23,FEW_SEATS_AVAILABLE,INCOMING_AT
3917792,60429,23,0.28,0,2026-04-23,EMPTY,IN_TRANSIT_TO,20,0,0,108,55,0.18181818181818182,10,1,26.06,23,EMPTY,IN_TRANSIT_TO
3917801,65320,23,-9.2,0,2026-04-23,EMPTY,INCOMING_AT,20,0,0,108,55,0.01818181818181818,1,1,0.0,23,EMPTY,INCOMING_AT
3918008,63030,23,-5.45,0,2026-04-05,EMPTY,IN_TRANSIT_TO,13,0,1,108,55,0.9454545454545454,52,0,0.01,23,EMPTY,IN_TRANSIT_TO
3918009,60413,23,-3.28,0,2026-04-05,EMPTY,INCOMING_AT,13,0,1,108,55,0.7090909090909091,39,0,0.0,23,EMPTY,INCOMING_AT
3918010,60597,23,-1.73,0,2026-04-05,EMPTY,IN_TRANSIT_TO,13,0,1,108,55,0.4909090909090909,27,0,23.4,23,EMPTY,IN_TRANSIT_TO
3918035,60576,23,4.77,0,2026-04-05,EMPTY,INCOMING_AT,13,0,1,108,55,0.23636363636363636,13,0,7.77,23,EMPTY,INCOMING_AT
3918011,60566,23,0.22,0,2026-04-05,EMPTY,IN_TRANSIT_TO,13,0,1,108,55,0.05454545454545454,3,0,0.02,23,EMPTY,IN_TRANSIT_TO
3918019,63027,23,-1.12,0,2026-04-05,EMPTY,INCOMING_AT,17,1,1,108,55,0.8909090909090909,49,0,0.0,23,EMPTY,INCOMING_AT
3918038,60412,23,-0.9,0,2026-04-05,EMPTY,IN_TRANSIT_TO,17,1,1,108,55,0.6909090909090909,38,0,0.08,23,EMPTY,IN_TRANSIT_TO
3918020,60596,23,-1.12,0,2026-04-05,EMPTY,IN_TRANSIT_TO,17,1,1,108,55,0.4727272727272727,26,0,25.44,23,EMPTY,IN_TRANSIT_TO
3918021,60585,23,-1.85,0,2026-04-05,EMPTY,IN_TRANSIT_TO,17,1,1,108,55,0.34545454545454546,19,0,0.0,23,EMPTY,IN_TRANSIT_TO
3918022,60566,23,-0.23,0,2026-04-05,EMPTY,IN_TRANSIT_TO,17,1,1,108,55,0.05454545454545454,3,0,0.01,23,EMPTY,IN_TRANSIT_TO
3918040,60412,23,-0.57,0,2026-04-05,EMPTY,INCOMING_AT,19,1,1,108,55,0.6909090909090909,38,0,0.0,23,EMPTY,INCOMING_AT
3918026,60596,23,-0.78,0,2026-04-05,EMPTY,INCOMING_AT,19,1,1,108,55,0.4727272727272727,26,0,24.64,23,EMPTY,INCOMING_AT
3918027,60582,23,-1.57,0,2026-04-05,EMPTY,INCOMING_AT,19,1,1,108,55,0.3090909090909091,17,0,0.0,23,EMPTY,INCOMING_AT
3918042,65637,23,-1.57,0,2026-04-05,EMPTY,INCOMING_AT,19,1,1,108,55,0.01818181818181818,1,0,0.0,23,EMPTY,INCOMING_AT
3917997,65637,23,-18.57,0,2026-04-05,EMPTY,INCOMING_AT,19,1,1,108,55,0.01818181818181818,1,0,0.0,23,EMPTY,INCOMING_AT
3917754,63027,23,2.83,0,2026-04-23,EMPTY,INCOMING_AT,20,0,0,108,55,0.8909090909090909,49,0,0.0,23,EMPTY,INCOMING_AT
3917777,60412,23,1.8,0,2026-04-23,EMPTY,INCOMING_AT,20,0,0,108,55,0.6909090909090909,38,0,4.46,23,EMPTY,INCOMING_AT
3917789,60593,23,1.65,0,2026-04-23,FEW_SEATS_AVAILABLE,IN_TRANSIT_TO,20,0,0,108,55,0.43636363636363634,24,0,35.76,23,FEW_SEATS_AVAILABLE,IN_TRANSIT_TO
3917718,60572,23,4.97,0,2026-04-23,FEW_SEATS_AVAILABLE,IN_TRANSIT_TO,20,0,0,108,55,0.16363636363636364,9,0,20.86,23,FEW_SEATS_AVAILABLE,IN_TRANSIT_TO
3917785,65637,23,-7.2,0,2026-04-23,EMPTY,INCOMING_AT,20,0,0,108,55,0.01818181818181818,1,0,0.0,23,EMPTY,INCOMING_AT
3920378,61110,27,-3.45,0,2026-04-05,EMPTY,IN_TRANSIT_TO,13,0,1,165,79,0.8227848101265823,65,0,13.1,27,EMPTY,IN_TRANSIT_TO
3920382,62794,27,3.53,0,2026-04-05,EMPTY,IN_TRANSIT_TO,16,1,1,165,79,0.34177215189873417,27,0,0.0,27,EMPTY,IN_TRANSIT_TO
3920300,61104,27,0.1,0,2026-04-23,FEW_SEATS_AVAILABLE,INCOMING_AT,20,0,0,165,83,0.7590361445783133,63,0,19.38,27,FEW_SEATS_AVAILABLE,INCOMING_AT
3920302,65396,27,-5.2,0,2026-04-23,FEW_SEATS_AVAILABLE,INCOMING_AT,20,0,0,165,83,0.012048192771084338,1,0,0.0,27,FEW_SEATS_AVAILABLE,INCOMING_AT
3920392,61169,27,-2.45,0,2026-04-05,EMPTY,INCOMING_AT,13,0,1,165,77,0.4805194805194805,37,1,0.0,27,EMPTY,INCOMING_AT
3920398,61065,27,-0.12,0,2026-04-05,EMPTY,IN_TRANSIT_TO,19,1,1,165,77,0.7272727272727273,56,1,30.48,27,EMPTY,IN_TRANSIT_TO
3920331,61063,27,-0.37,0,2026-04-23,EMPTY,IN_TRANSIT_TO,20,0,0,165,83,0.7228915662650602,60,1,0.01,27,EMPTY,IN_TRANSIT_TO
3920334,61130,27,0.62,0,2026-04-23,EMPTY,IN_TRANSIT_TO,20,0,0,165,83,0.04819277108433735,4,1,19.95,27,EMPTY,IN_TRANSIT_TO
3916577,61564,21,-15.57,0,2026-04-05,EMPTY,INCOMING_AT,19,1,1,158,41,0.024390243902439025,1,0,0.0,21,EMPTY,INCOMING_AT
3916589,61474,21,-10.57,0,2026-04-05,EMPTY,INCOMING_AT,19,1,1,158,56,0.017857142857142856,1,1,0.0,21,EMPTY,INCOMING_AT
3916588,62107,21,-4.03,0,2026-04-05,EMPTY,IN_TRANSIT_TO,19,1,1,158,81,0.5185185185185185,42,1,22.17,21,EMPTY,IN_TRANSIT_TO
3916522,61538,21,1.23,0,2026-04-23,FEW_SEATS_AVAILABLE,IN_TRANSIT_TO,20,0,0,158,81,0.6419753086419753,52,1,0.16,21,FEW_SEATS_AVAILABLE,IN_TRANSIT_TO
3916532,61474,21,0.8,0,2026-04-23,EMPTY,INCOMING_AT,20,0,0,158,81,0.012345679012345678,1,1,19.54,21,EMPTY,INCOMING_AT
3916582,61543,21,2.63,0,2026-04-05,EMPTY,IN_TRANSIT_TO,13,0,1,158,83,0.7590361445783133,63,1,14.46,21,EMPTY,IN_TRANSIT_TO
3916583,62733,21,2.28,0,2026-04-05,EMPTY,INCOMING_AT,13,0,1,158,83,0.13253012048192772,11,1,0.0,21,EMPTY,INCOMING_AT
3916587,65912,21,-4.72,0,2026-04-05,EMPTY,IN_TRANSIT_TO,17,1,1,158,83,0.5180722891566265,43,1,20.7,21,EMPTY,IN_TRANSIT_TO
3916586,61474,21,-18.9,0,2026-04-05,EMPTY,INCOMING_AT,17,1,1,158,83,0.012048192771084338,1,1,0.0,21,EMPTY,INCOMING_AT
3916514,65058,21,-0.4,0,2026-04-23,FEW_SEATS_AVAILABLE,IN_TRANSIT_TO,20,0,0,158,83,0.9879518072289156,82,1,0.01,21,FEW_SEATS_AVAILABLE,IN_TRANSIT_TO
3916570,61297,21,-0.83,0,2026-04-05,EMPTY,IN_TRANSIT_TO,13,0,1,158,82,0.7439024390243902,61,0,14.2,21,EMPTY,IN_TRANSIT_TO
3916571,61572,21,2.0,0,2026-04-05,EMPTY,IN_TRANSIT_TO,13,0,1,158,82,0.10975609756097561,9,0,23.0,21,EMPTY,IN_TRANSIT_TO
3916574,61422,21,1.72,0,2026-04-05,FEW_SEATS_AVAILABLE,INCOMING_AT,16,1,1,158,82,0.4146341463414634,34,0,3.96,21,FEW_SEATS_AVAILABLE,INCOMING_AT
3916575,61564,21,-14.9,0,2026-04-05,EMPTY,INCOMING_AT,17,1,1,158,82,0.012195121951219513,1,0,0.0,21,EMPTY,INCOMING_AT
3916576,61423,21,0.83,0,2026-04-05,EMPTY,IN_TRANSIT_TO,18,1,1,158,82,0.4268292682926829,35,0,5.75,21,EMPTY,IN_TRANSIT_TO
3916492,60388,21,6.52,1,2026-04-23,FULL,IN_TRANSIT_TO,20,0,0,158,82,0.9634146341463414,79,0,12.22,21,FULL,IN_TRANSIT_TO
3916500,60694,21,3.68,0,2026-04-23,EMPTY,IN_TRANSIT_TO,20,0,0,158,82,0.3170731707317073,26,0,0.0,21,EMPTY,IN_TRANSIT_TO
3935342,63100,83,-0.2,0,2026-04-23,EMPTY,INCOMING_AT,20,0,0,52,32,0.1875,6,1,0.0,83,EMPTY,INCOMING_AT
3921912,64218,Rapid 500,2.55,0,2026-04-05,EMPTY,INCOMING_AT,13,0,1,11,6,0.8333333333333334,5,0,5.0,Rapid 500,EMPTY,INCOMING_AT
3921913,63072,Rapid 500,-3.45,0,2026-04-05,EMPTY,INCOMING_AT,13,0,1,11,6,0.16666666666666666,1,0,0.07,Rapid 500,EMPTY,INCOMING_AT
3921923,60413,Rapid 500,-0.48,0,2026-04-05,EMPTY,INCOMING_AT,17,1,1,11,6,0.6666666666666666,4,0,0.01,Rapid 500,EMPTY,INCOMING_AT
3921929,60413,Rapid 500,0.85,0,2026-04-05,EMPTY,IN_TRANSIT_TO,18,1,1,11,6,0.6666666666666666,4,0,6.63,Rapid 500,EMPTY,IN_TRANSIT_TO
3921930,63072,Rapid 500,-11.57,0,2026-04-05,EMPTY,INCOMING_AT,19,1,1,11,6,0.16666666666666666,1,0,0.0,Rapid 500,EMPTY,INCOMING_AT
3921663,65874,Rapid 500,-2.2,0,2026-04-23,EMPTY,IN_TRANSIT_TO,20,0,0,11,6,1.0,6,0,6.44,Rapid 500,EMPTY,IN_TRANSIT_TO
3921664,63072,Rapid 500,-2.2,0,2026-04-23,EMPTY,INCOMING_AT,20,0,0,11,6,0.16666666666666666,1,0,0.0,Rapid 500,EMPTY,INCOMING_AT
3921969,60439,Rapid 500,-0.35,0,2026-04-05,EMPTY,INCOMING_AT,17,1,1,11,7,0.5714285714285714,4,1,0.0,Rapid 500,EMPTY,INCOMING_AT
3921970,65874,Rapid 500,-6.9,0,2026-04-05,EMPTY,INCOMING_AT,17,1,1,11,7,0.14285714285714285,1,1,0.0,Rapid 500,EMPTY,INCOMING_AT
3921975,60439,Rapid 500,-1.02,0,2026-04-05,EMPTY,IN_TRANSIT_TO,19,1,1,11,7,0.5714285714285714,4,1,30.0,Rapid 500,EMPTY,IN_TRANSIT_TO
3921976,65874,Rapid 500,-7.57,0,2026-04-05,EMPTY,INCOMING_AT,19,1,1,11,7,0.14285714285714285,1,1,0.0,Rapid 500,EMPTY,INCOMING_AT
3921764,65874,Rapid 500,-0.2,0,2026-04-23,FEW_SEATS_AVAILABLE,INCOMING_AT,20,0,0,11,7,0.14285714285714285,1,1,0.0,Rapid 500,FEW_SEATS_AVAILABLE,INCOMING_AT
3921060,62004,40,5.37,1,2026-04-05,EMPTY,INCOMING_AT,13,0,1,72,31,0.22580645161290322,7,1,26.63,40,EMPTY,INCOMING_AT
3921068,62035,40,-5.9,0,2026-04-05,EMPTY,INCOMING_AT,17,1,1,72,31,0.03225806451612903,1,1,0.0,40,EMPTY,INCOMING_AT
3921069,60694,40,13.37,1,2026-04-05,EMPTY,IN_TRANSIT_TO,18,1,1,72,31,0.6774193548387096,21,1,0.01,40,EMPTY,IN_TRANSIT_TO
3921002,60530,40,6.0,1,2026-04-23,EMPTY,INCOMING_AT,20,0,0,72,34,0.8235294117647058,28,1,12.38,40,EMPTY,INCOMING_AT
3921053,65540,40,13.55,1,2026-04-05,EMPTY,INCOMING_AT,13,0,1,72,33,0.2727272727272727,9,0,15.8,40,EMPTY,INCOMING_AT
3921050,60346,40,0.12,0,2026-04-05,EMPTY,INCOMING_AT,17,1,1,72,33,0.24242424242424243,8,0,32.47,40,EMPTY,INCOMING_AT
3935433,60244,84,-2.63,0,2026-04-05,EMPTY,IN_TRANSIT_TO,17,1,1,24,15,0.9333333333333333,14,0,37.92,84,EMPTY,IN_TRANSIT_TO
3935908,64644,86,-24.2,0,2026-04-23,EMPTY,INCOMING_AT,20,0,0,18,11,0.09090909090909091,1,1,0.0,86,EMPTY,INCOMING_AT
3924745,61020,56,14.8,1,2026-04-23,EMPTY,INCOMING_AT,20,0,0,147,74,0.7432432432432432,55,0,0.0,56,EMPTY,INCOMING_AT
3924849,61029,56,-3.13,0,2026-04-05,EMPTY,IN_TRANSIT_TO,13,0,1,147,70,0.9,63,0,18.0,56,EMPTY,IN_TRANSIT_TO
3924850,60995,56,-4.45,0,2026-04-05,EMPTY,IN_TRANSIT_TO,13,0,1,147,70,0.5428571428571428,38,0,0.0,56,EMPTY,IN_TRANSIT_TO
3924851,64168,56,-3.62,0,2026-04-05,EMPTY,INCOMING_AT,13,0,1,147,70,0.11428571428571428,8,0,26.43,56,EMPTY,INCOMING_AT
3924856,61032,56,-3.32,0,2026-04-05,EMPTY,INCOMING_AT,17,1,1,147,70,0.9285714285714286,65,0,2.71,56,EMPTY,INCOMING_AT
3924857,64200,56,-1.1,0,2026-04-05,EMPTY,INCOMING_AT,17,1,1,147,70,0.4857142857142857,34,0,0.02,56,EMPTY,INCOMING_AT
3924860,61025,56,2.3,0,2026-04-05,EMPTY,IN_TRANSIT_TO,18,1,1,147,70,0.8428571428571429,59,0,0.0,56,EMPTY,IN_TRANSIT_TO
3924861,64181,56,-0.22,0,2026-04-05,EMPTY,IN_TRANSIT_TO,19,1,1,147,70,0.2571428571428571,18,0,19.0,56,EMPTY,IN_TRANSIT_TO
3924875,65926,56,-1.45,0,2026-04-05,EMPTY,IN_TRANSIT_TO,13,0,1,147,70,0.4857142857142857,34,1,0.0,56,EMPTY,IN_TRANSIT_TO
3924876,60856,56,1.65,0,2026-04-05,EMPTY,INCOMING_AT,13,0,1,147,70,0.02857142857142857,2,1,8.0,56,EMPTY,INCOMING_AT
3924881,60750,56,-1.9,0,2026-04-05,EMPTY,INCOMING_AT,17,1,1,147,70,0.8571428571428571,60,1,0.02,56,EMPTY,INCOMING_AT
3924882,60896,56,-1.7,0,2026-04-05,EMPTY,INCOMING_AT,17,1,1,147,70,0.4714285714285714,33,1,0.0,56,EMPTY,INCOMING_AT
3924883,60857,56,0.23,0,2026-04-05,EMPTY,IN_TRANSIT_TO,17,1,1,147,70,0.04285714285714286,3,1,9.0,56,EMPTY,IN_TRANSIT_TO
3924885,60750,56,-0.57,0,2026-04-05,EMPTY,INCOMING_AT,19,1,1,147,70,0.8571428571428571,60,1,0.0,56,EMPTY,INCOMING_AT
3924777,60940,56,9.75,1,2026-04-23,EMPTY,IN_TRANSIT_TO,20,0,0,147,75,0.9866666666666667,74,1,18.99,56,EMPTY,IN_TRANSIT_TO
3924778,64105,56,10.52,1,2026-04-23,EMPTY,INCOMING_AT,20,0,0,147,75,0.6666666666666666,50,1,0.04,56,EMPTY,INCOMING_AT
3935582,60282,85,3.72,0,2026-04-05,EMPTY,IN_TRANSIT_TO,13,0,1,39,22,0.4090909090909091,9,1,38.46,85,EMPTY,IN_TRANSIT_TO
3935574,60243,85,3.05,0,2026-04-05,EMPTY,IN_TRANSIT_TO,13,0,1,39,22,0.9090909090909091,20,0,14.27,85,EMPTY,IN_TRANSIT_TO
3935570,60296,85,-5.9,0,2026-04-05,EMPTY,INCOMING_AT,17,1,1,39,22,0.045454545454545456,1,0,0.0,85,EMPTY,INCOMING_AT
3923073,60494,Rapid 522,26.55,1,2026-04-05,EMPTY,IN_TRANSIT_TO,13,0,1,58,30,0.8,24,1,0.0,Rapid 522,EMPTY,IN_TRANSIT_TO
3923074,60511,Rapid 522,-4.38,0,2026-04-05,EMPTY,INCOMING_AT,13,0,1,58,30,0.9,27,1,0.05,Rapid 522,EMPTY,INCOMING_AT
3923102,60489,Rapid 522,3.53,0,2026-04-05,EMPTY,IN_TRANSIT_TO,13,0,1,58,30,0.7666666666666667,23,1,13.19,Rapid 522,EMPTY,IN_TRANSIT_TO
3923075,60480,Rapid 522,-0.45,0,2026-04-05,EMPTY,IN_TRANSIT_TO,13,0,1,58,30,0.6666666666666666,20,1,33.1,Rapid 522,EMPTY,IN_TRANSIT_TO
3923076,60468,Rapid 522,-4.15,0,2026-04-05,EMPTY,IN_TRANSIT_TO,13,0,1,58,30,0.5666666666666667,17,1,33.6,Rapid 522,EMPTY,IN_TRANSIT_TO
3923077,60440,Rapid 522,-0.45,0,2026-04-05,EMPTY,IN_TRANSIT_TO,13,0,1,58,30,0.36666666666666664,11,1,4.21,Rapid 522,EMPTY,IN_TRANSIT_TO
3923103,65859,Rapid 522,-1.13,0,2026-04-05,EMPTY,IN_TRANSIT_TO,13,0,1,58,30,0.2,6,1,22.95,Rapid 522,EMPTY,IN_TRANSIT_TO
3923078,65810,Rapid 522,1.55,0,2026-04-05,EMPTY,INCOMING_AT,13,0,1,58,30,0.06666666666666667,2,1,0.94,Rapid 522,EMPTY,INCOMING_AT
3923079,65812,Rapid 522,-11.45,0,2026-04-05,EMPTY,INCOMING_AT,13,0,1,58,30,0.03333333333333333,1,1,0.0,Rapid 522,EMPTY,INCOMING_AT
3923080,65812,Rapid 522,-26.45,0,2026-04-05,EMPTY,INCOMING_AT,13,0,1,58,30,0.03333333333333333,1,1,0.0,Rapid 522,EMPTY,INCOMING_AT
3923084,60511,Rapid 522,-4.83,0,2026-04-05,EMPTY,IN_TRANSIT_TO,17,1,1,58,30,0.9,27,1,0.0,Rapid 522,EMPTY,IN_TRANSIT_TO
3923085,60494,Rapid 522,-3.9,0,2026-04-05,EMPTY,IN_TRANSIT_TO,17,1,1,58,30,0.8,24,1,35.37,Rapid 522,EMPTY,IN_TRANSIT_TO
3923086,60482,Rapid 522,-4.2,0,2026-04-05,EMPTY,IN_TRANSIT_TO,17,1,1,58,30,0.7,21,1,32.37,Rapid 522,EMPTY,IN_TRANSIT_TO
3923106,60468,Rapid 522,-4.6,0,2026-04-05,EMPTY,IN_TRANSIT_TO,17,1,1,58,30,0.5666666666666667,17,1,35.53,Rapid 522,EMPTY,IN_TRANSIT_TO
3923087,60443,Rapid 522,-2.63,0,2026-04-05,EMPTY,IN_TRANSIT_TO,17,1,1,58,30,0.4,12,1,12.0,Rapid 522,EMPTY,IN_TRANSIT_TO
3923088,65857,Rapid 522,-4.9,0,2026-04-05,EMPTY,INCOMING_AT,17,1,1,58,30,0.23333333333333334,7,1,0.0,Rapid 522,EMPTY,INCOMING_AT
3923089,64581,Rapid 522,-4.47,0,2026-04-05,EMPTY,IN_TRANSIT_TO,17,1,1,58,30,0.1,3,1,35.88,Rapid 522,EMPTY,IN_TRANSIT_TO
3923107,65812,Rapid 522,-10.9,0,2026-04-05,EMPTY,INCOMING_AT,17,1,1,58,30,0.03333333333333333,1,1,0.0,Rapid 522,EMPTY,INCOMING_AT
3923090,65812,Rapid 522,-25.9,0,2026-04-05,EMPTY,INCOMING_AT,17,1,1,58,30,0.03333333333333333,1,1,0.0,Rapid 522,EMPTY,INCOMING_AT
3923090,60511,Rapid 522,-5.5,0,2026-04-05,EMPTY,IN_TRANSIT_TO,19,1,1,58,30,0.9,27,1,0.0,Rapid 522,EMPTY,IN_TRANSIT_TO
3923091,60500,Rapid 522,-10.57,0,2026-04-05,EMPTY,IN_TRANSIT_TO,19,1,1,58,30,0.8333333333333334,25,1,34.11,Rapid 522,EMPTY,IN_TRANSIT_TO
3923053,60482,Rapid 522,-7.87,0,2026-04-05,EMPTY,IN_TRANSIT_TO,19,1,1,58,30,0.7,21,1,16.03,Rapid 522,EMPTY,IN_TRANSIT_TO
3923111,60460,Rapid 522,-7.57,0,2026-04-05,EMPTY,IN_TRANSIT_TO,19,1,1,58,30,0.5333333333333333,16,1,35.82,Rapid 522,EMPTY,IN_TRANSIT_TO
3922866,60500,Rapid 522,16.8,1,2026-04-23,EMPTY,IN_TRANSIT_TO,20,0,0,58,30,0.8333333333333334,25,1,22.89,Rapid 522,EMPTY,IN_TRANSIT_TO
3923054,65847,Rapid 522,3.43,0,2026-04-05,EMPTY,IN_TRANSIT_TO,18,1,1,58,30,0.16666666666666666,5,1,35.32,Rapid 522,EMPTY,IN_TRANSIT_TO
3922855,60500,Rapid 522,-2.2,0,2026-04-23,EMPTY,IN_TRANSIT_TO,20,0,0,58,30,0.8333333333333334,25,1,39.8,Rapid 522,EMPTY,IN_TRANSIT_TO
3922856,60480,Rapid 522,-1.2,0,2026-04-23,EMPTY,IN_TRANSIT_TO,20,0,0,58,30,0.6666666666666666,20,1,12.34,Rapid 522,EMPTY,IN_TRANSIT_TO
3923056,65812,Rapid 522,-25.57,0,2026-04-05,EMPTY,INCOMING_AT,19,1,1,58,30,0.03333333333333333,1,1,0.0,Rapid 522,EMPTY,INCOMING_AT
3922857,60468,Rapid 522,-8.48,0,2026-04-23,FEW_SEATS_AVAILABLE,IN_TRANSIT_TO,20,0,0,58,30,0.5666666666666667,17,1,39.52,Rapid 522,FEW_SEATS_AVAILABLE,IN_TRANSIT_TO
3922858,60431,Rapid 522,-3.67,0,2026-04-23,FEW_SEATS_AVAILABLE,IN_TRANSIT_TO,20,0,0,58,30,0.26666666666666666,8,1,30.0,Rapid 522,FEW_SEATS_AVAILABLE,IN_TRANSIT_TO
3922860,65812,Rapid 522,-17.2,0,2026-04-23,EMPTY,INCOMING_AT,20,0,0,58,30,0.03333333333333333,1,1,0.01,Rapid 522,EMPTY,INCOMING_AT
3923011,65846,Rapid 522,-4.45,0,2026-04-05,EMPTY,INCOMING_AT,13,0,1,58,30,0.9,27,0,17.14,Rapid 522,EMPTY,INCOMING_AT
3923045,60410,Rapid 522,1.18,0,2026-04-05,EMPTY,IN_TRANSIT_TO,13,0,1,58,30,0.6666666666666666,20,0,0.39,Rapid 522,EMPTY,IN_TRANSIT_TO
3923012,60400,Rapid 522,-6.45,0,2026-04-05,EMPTY,IN_TRANSIT_TO,13,0,1,58,30,0.5666666666666667,17,0,0.0,Rapid 522,EMPTY,IN_TRANSIT_TO
3923013,60370,Rapid 522,0.55,0,2026-04-05,EMPTY,IN_TRANSIT_TO,13,0,1,58,30,0.4,12,0,0.0,Rapid 522,EMPTY,IN_TRANSIT_TO
3923014,60366,Rapid 522,-8.45,0,2026-04-05,EMPTY,IN_TRANSIT_TO,13,0,1,58,30,0.3333333333333333,10,0,0.0,Rapid 522,EMPTY,IN_TRANSIT_TO
3923046,60347,Rapid 522,-4.45,0,2026-04-05,EMPTY,INCOMING_AT,13,0,1,58,30,0.23333333333333334,7,0,0.0,Rapid 522,EMPTY,INCOMING_AT
3923015,60330,Rapid 522,-1.47,0,2026-04-05,EMPTY,IN_TRANSIT_TO,13,0,1,58,30,0.1,3,0,0.01,Rapid 522,EMPTY,IN_TRANSIT_TO
3923021,65846,Rapid 522,-4.9,0,2026-04-05,EMPTY,INCOMING_AT,17,1,1,58,30,0.9,27,0,0.0,Rapid 522,EMPTY,INCOMING_AT
3923022,60418,Rapid 522,-6.15,0,2026-04-05,EMPTY,IN_TRANSIT_TO,17,1,1,58,30,0.7666666666666667,23,0,19.77,Rapid 522,EMPTY,IN_TRANSIT_TO
3923023,60382,Rapid 522,4.62,0,2026-04-05,EMPTY,INCOMING_AT,16,1,1,58,30,0.5,15,0,0.0,Rapid 522,EMPTY,INCOMING_AT
3923049,60378,Rapid 522,-5.9,0,2026-04-05,EMPTY,IN_TRANSIT_TO,17,1,1,58,30,0.4666666666666667,14,0,0.0,Rapid 522,EMPTY,IN_TRANSIT_TO
3923024,60366,Rapid 522,-5.9,0,2026-04-05,EMPTY,IN_TRANSIT_TO,17,1,1,58,30,0.3333333333333333,10,0,0.0,Rapid 522,EMPTY,IN_TRANSIT_TO
3923025,60347,Rapid 522,-2.9,0,2026-04-05,FEW_SEATS_AVAILABLE,IN_TRANSIT_TO,17,1,1,58,30,0.23333333333333334,7,0,32.61,Rapid 522,FEW_SEATS_AVAILABLE,IN_TRANSIT_TO
3923026,60519,Rapid 522,3.1,0,2026-04-05,EMPTY,INCOMING_AT,16,1,1,58,30,0.03333333333333333,1,0,9.62,Rapid 522,EMPTY,INCOMING_AT
3923050,60519,Rapid 522,-14.9,0,2026-04-05,EMPTY,INCOMING_AT,17,1,1,58,30,0.03333333333333333,1,0,0.0,Rapid 522,EMPTY,INCOMING_AT
3923027,65858,Rapid 522,-8.53,0,2026-04-05,EMPTY,IN_TRANSIT_TO,19,1,1,58,30,0.8666666666666667,26,0,27.47,Rapid 522,EMPTY,IN_TRANSIT_TO
3923028,60400,Rapid 522,-3.57,0,2026-04-05,EMPTY,IN_TRANSIT_TO,19,1,1,58,30,0.5666666666666667,17,0,29.16,Rapid 522,EMPTY,IN_TRANSIT_TO
3923029,60373,Rapid 522,-4.77,0,2026-04-05,EMPTY,IN_TRANSIT_TO,19,1,1,58,30,0.43333333333333335,13,0,0.0,Rapid 522,EMPTY,IN_TRANSIT_TO
3922993,60347,Rapid 522,1.43,0,2026-04-05,EMPTY,IN_TRANSIT_TO,18,1,1,58,30,0.23333333333333334,7,0,0.01,Rapid 522,EMPTY,IN_TRANSIT_TO
3922784,60420,Rapid 522,5.87,1,2026-04-23,FULL,IN_TRANSIT_TO,20,0,0,58,30,0.8,24,0,3.0,Rapid 522,FULL,IN_TRANSIT_TO
3922994,60519,Rapid 522,-1.57,0,2026-04-05,EMPTY,INCOMING_AT,19,1,1,58,30,0.03333333333333333,1,0,0.01,Rapid 522,EMPTY,INCOMING_AT
3922785,60410,Rapid 522,-6.4,0,2026-04-23,FEW_SEATS_AVAILABLE,IN_TRANSIT_TO,20,0,0,58,30,0.6666666666666666,20,0,26.06,Rapid 522,FEW_SEATS_AVAILABLE,IN_TRANSIT_TO
3922995,60519,Rapid 522,-24.57,0,2026-04-05,EMPTY,INCOMING_AT,19,1,1,58,30,0.03333333333333333,1,0,0.01,Rapid 522,EMPTY,INCOMING_AT
3922786,60370,Rapid 522,1.8,0,2026-04-23,FEW_SEATS_AVAILABLE,IN_TRANSIT_TO,20,0,0,58,30,0.4,12,0,25.96,Rapid 522,FEW_SEATS_AVAILABLE,IN_TRANSIT_TO
3922787,60355,Rapid 522,-1.2,0,2026-04-23,FEW_SEATS_AVAILABLE,IN_TRANSIT_TO,20,0,0,58,30,0.26666666666666666,8,0,0.01,Rapid 522,FEW_SEATS_AVAILABLE,IN_TRANSIT_TO
3922788,60335,Rapid 522,-5.2,0,2026-04-23,EMPTY,IN_TRANSIT_TO,20,0,0,58,30,0.13333333333333333,4,0,26.04,Rapid 522,EMPTY,IN_TRANSIT_TO
3927894,65518,64B,-3.13,0,2026-04-05,EMPTY,IN_TRANSIT_TO,13,0,1,130,48,0.9583333333333334,46,1,34.33,64B,EMPTY,IN_TRANSIT_TO
3927895,63141,64B,-11.45,0,2026-04-05,EMPTY,INCOMING_AT,13,0,1,130,48,0.020833333333333332,1,1,0.0,64B,EMPTY,INCOMING_AT
3927898,65406,64B,-0.92,0,2026-04-05,EMPTY,IN_TRANSIT_TO,17,1,1,130,48,0.2916666666666667,14,1,22.55,64B,EMPTY,IN_TRANSIT_TO
3927856,63141,64B,-21.2,0,2026-04-23,EMPTY,INCOMING_AT,20,0,0,130,48,0.020833333333333332,1,1,0.01,64B,EMPTY,INCOMING_AT
3927889,62925,64B,-1.9,0,2026-04-05,EMPTY,IN_TRANSIT_TO,17,1,1,130,49,0.5918367346938775,29,0,27.47,64B,EMPTY,IN_TRANSIT_TO
3927819,63025,64B,-1.2,0,2026-04-23,EMPTY,IN_TRANSIT_TO,20,0,0,130,49,0.8775510204081632,43,0,9.0,64B,EMPTY,IN_TRANSIT_TO
3934817,65868,77,1.55,0,2026-04-05,EMPTY,INCOMING_AT,13,0,1,68,36,0.6388888888888888,23,0,0.01,77,EMPTY,INCOMING_AT
3934824,63913,77,0.58,0,2026-04-05,EMPTY,IN_TRANSIT_TO,17,1,1,68,36,0.6666666666666666,24,0,0.0,77,EMPTY,IN_TRANSIT_TO
3934825,65809,77,1.1,0,2026-04-05,EMPTY,INCOMING_AT,17,1,1,68,36,0.027777777777777776,1,0,0.0,77,EMPTY,INCOMING_AT
3934828,65868,77,1.43,0,2026-04-05,EMPTY,IN_TRANSIT_TO,18,1,1,68,36,0.6388888888888888,23,0,0.47,77,EMPTY,IN_TRANSIT_TO
3934830,65809,77,-2.57,0,2026-04-05,FULL,INCOMING_AT,19,1,1,68,36,0.027777777777777776,1,0,0.0,77,FULL,INCOMING_AT
3934658,60068,77,-0.28,0,2026-04-23,EMPTY,IN_TRANSIT_TO,20,0,0,68,36,0.5833333333333334,21,0,37.75,77,EMPTY,IN_TRANSIT_TO
3934659,65809,77,-7.2,0,2026-04-23,EMPTY,INCOMING_AT,20,0,0,68,36,0.027777777777777776,1,0,0.0,77,EMPTY,INCOMING_AT
3934847,65809,77,-7.45,0,2026-04-05,EMPTY,IN_TRANSIT_TO,13,0,1,68,34,1.0,34,1,17.67,77,EMPTY,IN_TRANSIT_TO
3934848,63948,77,0.55,0,2026-04-05,EMPTY,IN_TRANSIT_TO,13,0,1,68,34,0.2647058823529412,9,1,33.07,77,EMPTY,IN_TRANSIT_TO
3934855,63950,77,-2.35,0,2026-04-05,EMPTY,IN_TRANSIT_TO,17,1,1,68,34,0.3235294117647059,11,1,36.62,77,EMPTY,IN_TRANSIT_TO
3934858,65809,77,-4.57,0,2026-04-05,EMPTY,IN_TRANSIT_TO,19,1,1,68,34,1.0,34,1,0.0,77,EMPTY,IN_TRANSIT_TO
3934859,63945,77,3.13,0,2026-04-05,EMPTY,IN_TRANSIT_TO,18,1,1,68,34,0.17647058823529413,6,1,41.72,77,EMPTY,IN_TRANSIT_TO
3934701,60040,77,3.8,0,2026-04-23,FEW_SEATS_AVAILABLE,IN_TRANSIT_TO,20,0,0,68,34,0.6470588235294118,22,1,9.81,77,FEW_SEATS_AVAILABLE,IN_TRANSIT_TO
3934720,63949,77,-0.23,0,2026-04-23,FEW_SEATS_AVAILABLE,IN_TRANSIT_TO,20,0,0,68,34,0.29411764705882354,10,1,14.45,77,FEW_SEATS_AVAILABLE,IN_TRANSIT_TO
3916334,62413,20,-1.02,0,2026-04-23,FEW_SEATS_AVAILABLE,INCOMING_AT,20,0,0,66,34,0.35294117647058826,12,0,27.0,20,FEW_SEATS_AVAILABLE,INCOMING_AT
3916362,64585,20,3.02,0,2026-04-23,FEW_SEATS_AVAILABLE,IN_TRANSIT_TO,20,0,0,66,35,0.05714285714285714,2,1,0.0,20,FEW_SEATS_AVAILABLE,IN_TRANSIT_TO
3917135,60501,22,12.35,1,2026-04-05,EMPTY,IN_TRANSIT_TO,13,0,1,199,98,0.8367346938775511,82,1,13.4,22,EMPTY,IN_TRANSIT_TO
3917086,60501,22,-1.65,0,2026-04-05,FEW_SEATS_AVAILABLE,IN_TRANSIT_TO,13,0,1,199,98,0.8367346938775511,82,1,26.0,22,FEW_SEATS_AVAILABLE,IN_TRANSIT_TO
3917087,60491,22,-3.93,0,2026-04-05,EMPTY,IN_TRANSIT_TO,13,0,1,199,98,0.7346938775510204,72,1,0.0,22,EMPTY,IN_TRANSIT_TO
3917089,60455,22,9.1,1,2026-04-05,FULL,INCOMING_AT,13,0,1,199,98,0.41836734693877553,41,1,19.0,22,FULL,INCOMING_AT
3917090,60446,22,1.85,0,2026-04-05,FEW_SEATS_AVAILABLE,INCOMING_AT,13,0,1,199,98,0.336734693877551,33,1,6.89,22,FEW_SEATS_AVAILABLE,INCOMING_AT
3917091,60063,22,9.12,1,2026-04-05,EMPTY,INCOMING_AT,13,0,1,199,98,0.14285714285714285,14,1,18.0,22,EMPTY,INCOMING_AT
3917092,60058,22,1.62,0,2026-04-05,EMPTY,INCOMING_AT,13,0,1,199,98,0.09183673469387756,9,1,17.0,22,EMPTY,INCOMING_AT
3917093,65812,22,-2.45,0,2026-04-05,FEW_SEATS_AVAILABLE,INCOMING_AT,13,0,1,199,98,0.01020408163265306,1,1,0.0,22,FEW_SEATS_AVAILABLE,INCOMING_AT
3917094,65812,22,-17.45,0,2026-04-05,EMPTY,INCOMING_AT,13,0,1,199,98,0.01020408163265306,1,1,9.09,22,EMPTY,INCOMING_AT
3917100,60500,22,-1.9,0,2026-04-05,FEW_SEATS_AVAILABLE,INCOMING_AT,17,1,1,199,98,0.826530612244898,81,1,0.0,22,FEW_SEATS_AVAILABLE,INCOMING_AT
3917101,60491,22,-5.38,0,2026-04-05,EMPTY,IN_TRANSIT_TO,17,1,1,199,98,0.7346938775510204,72,1,43.22,22,EMPTY,IN_TRANSIT_TO
3917102,60480,22,-1.9,0,2026-04-05,FEW_SEATS_AVAILABLE,INCOMING_AT,17,1,1,199,98,0.6224489795918368,61,1,0.0,22,FEW_SEATS_AVAILABLE,INCOMING_AT
3917103,60466,22,0.48,0,2026-04-05,FULL,INCOMING_AT,17,1,1,199,98,0.47959183673469385,47,1,0.0,22,FULL,INCOMING_AT
3917104,60449,22,-1.53,0,2026-04-05,EMPTY,INCOMING_AT,17,1,1,199,98,0.35714285714285715,35,1,18.0,22,EMPTY,INCOMING_AT
3917105,60435,22,-4.08,0,2026-04-05,FULL,INCOMING_AT,17,1,1,199,98,0.23469387755102042,23,1,15.0,22,FULL,INCOMING_AT
3917106,60425,22,3.48,0,2026-04-05,FEW_SEATS_AVAILABLE,INCOMING_AT,16,1,1,199,98,0.07142857142857142,7,1,9.68,22,FEW_SEATS_AVAILABLE,INCOMING_AT
3917108,65812,22,-19.9,0,2026-04-05,FULL,INCOMING_AT,17,1,1,199,98,0.01020408163265306,1,1,0.0,22,FULL,INCOMING_AT
3917108,60501,22,-0.77,0,2026-04-05,FULL,IN_TRANSIT_TO,19,1,1,199,98,0.8367346938775511,82,1,24.0,22,FULL,IN_TRANSIT_TO
3917110,60478,22,1.55,0,2026-04-05,EMPTY,INCOMING_AT,18,1,1,199,98,0.6020408163265306,59,1,31.0,22,EMPTY,INCOMING_AT
3917111,60457,22,6.02,1,2026-04-05,EMPTY,INCOMING_AT,18,1,1,199,98,0.42857142857142855,42,1,17.0,22,EMPTY,INCOMING_AT
3916870,60518,22,13.12,1,2026-04-23,FULL,IN_TRANSIT_TO,20,0,0,199,98,0.9897959183673469,97,1,17.42,22,FULL,IN_TRANSIT_TO
3917112,60446,22,0.27,0,2026-04-05,FULL,INCOMING_AT,19,1,1,199,98,0.336734693877551,33,1,3.33,22,FULL,INCOMING_AT
3916808,60501,22,15.6,1,2026-04-23,FULL,IN_TRANSIT_TO,20,0,0,199,98,0.8367346938775511,82,1,0.0,22,FULL,IN_TRANSIT_TO
3917147,60434,22,-4.13,0,2026-04-05,EMPTY,IN_TRANSIT_TO,19,1,1,199,98,0.22448979591836735,22,1,25.38,22,EMPTY,IN_TRANSIT_TO
3916834,60498,22,4.78,0,2026-04-23,FULL,INCOMING_AT,20,0,0,199,98,0.8061224489795918,79,1,20.72,22,FULL,INCOMING_AT
3917150,65810,22,0.43,0,2026-04-05,EMPTY,IN_TRANSIT_TO,19,1,1,199,98,0.02040816326530612,2,1,0.01,22,EMPTY,IN_TRANSIT_TO
3916835,60480,22,1.8,0,2026-04-23,EMPTY,IN_TRANSIT_TO,20,0,0,199,98,0.6224489795918368,61,1,1.72,22,EMPTY,IN_TRANSIT_TO
3917141,65812,22,-18.57,0,2026-04-05,FULL,INCOMING_AT,19,1,1,199,98,0.01020408163265306,1,1,0.0,22,FULL,INCOMING_AT
3916857,60457,22,4.38,0,2026-04-23,FULL,IN_TRANSIT_TO,20,0,0,199,98,0.42857142857142855,42,1,32.68,22,FULL,IN_TRANSIT_TO
3916849,65849,22,-1.2,0,2026-04-23,FULL,IN_TRANSIT_TO,20,0,0,199,98,0.2755102040816326,27,1,25.0,22,FULL,IN_TRANSIT_TO
3916843,65427,22,-2.2,0,2026-04-23,FULL,INCOMING_AT,20,0,0,199,98,0.12244897959183673,12,1,0.09,22,FULL,INCOMING_AT
3916873,65812,22,-12.2,0,2026-04-23,EMPTY,INCOMING_AT,20,0,0,199,98,0.01020408163265306,1,1,0.0,22,EMPTY,INCOMING_AT
3917065,60041,22,-1.65,0,2026-04-05,EMPTY,IN_TRANSIT_TO,13,0,1,199,103,0.8932038834951457,92,0,29.34,22,EMPTY,IN_TRANSIT_TO
3917018,60412,22,5.55,1,2026-04-05,FEW_SEATS_AVAILABLE,IN_TRANSIT_TO,13,0,1,199,103,0.7378640776699029,76,0,0.0,22,FEW_SEATS_AVAILABLE,IN_TRANSIT_TO
3917019,60403,22,-1.43,0,2026-04-05,FEW_SEATS_AVAILABLE,INCOMING_AT,13,0,1,199,103,0.6699029126213593,69,0,15.76,22,FEW_SEATS_AVAILABLE,INCOMING_AT
3917020,60382,22,0.4,0,2026-04-05,EMPTY,INCOMING_AT,13,0,1,199,103,0.5339805825242718,55,0,20.0,22,EMPTY,INCOMING_AT
3917022,60361,22,-2.08,0,2026-04-05,EMPTY,INCOMING_AT,13,0,1,199,103,0.3300970873786408,34,0,0.01,22,EMPTY,INCOMING_AT
3917023,60348,22,-1.23,0,2026-04-05,EMPTY,IN_TRANSIT_TO,13,0,1,199,103,0.21359223300970873,22,0,28.24,22,EMPTY,IN_TRANSIT_TO
3917024,60335,22,-3.45,0,2026-04-05,EMPTY,INCOMING_AT,13,0,1,199,103,0.08737864077669903,9,0,0.02,22,EMPTY,INCOMING_AT
3917025,60519,22,-8.45,0,2026-04-05,FULL,INCOMING_AT,13,0,1,199,103,0.009708737864077669,1,0,0.0,22,FULL,INCOMING_AT
3917032,60415,22,1.8,0,2026-04-05,FEW_SEATS_AVAILABLE,IN_TRANSIT_TO,16,1,1,199,103,0.7669902912621359,79,0,24.0,22,FEW_SEATS_AVAILABLE,IN_TRANSIT_TO
3917033,60397,22,5.03,1,2026-04-05,EMPTY,INCOMING_AT,16,1,1,199,103,0.6116504854368932,63,0,0.0,22,EMPTY,INCOMING_AT
3917034,60020,22,-3.52,0,2026-04-05,FULL,IN_TRANSIT_TO,17,1,1,199,103,0.5631067961165048,58,0,0.0,22,FULL,IN_TRANSIT_TO
3917035,60364,22,9.07,1,2026-04-05,EMPTY,INCOMING_AT,16,1,1,199,103,0.3592233009708738,37,0,4.0,22,EMPTY,INCOMING_AT
3917036,60363,22,-4.32,0,2026-04-05,EMPTY,IN_TRANSIT_TO,17,1,1,199,103,0.34951456310679613,36,0,0.01,22,EMPTY,IN_TRANSIT_TO
3917037,60346,22,-0.02,0,2026-04-05,FULL,IN_TRANSIT_TO,17,1,1,199,103,0.1941747572815534,20,0,0.07,22,FULL,IN_TRANSIT_TO
3917038,60332,22,0.4,0,2026-04-05,FULL,IN_TRANSIT_TO,17,1,1,199,103,0.05825242718446602,6,0,41.84,22,FULL,IN_TRANSIT_TO
3917039,60519,22,-9.9,0,2026-04-05,FEW_SEATS_AVAILABLE,INCOMING_AT,17,1,1,199,103,0.009708737864077669,1,0,0.0,22,FEW_SEATS_AVAILABLE,INCOMING_AT
3917039,60043,22,-2.17,0,2026-04-05,FEW_SEATS_AVAILABLE,INCOMING_AT,19,1,1,199,103,0.912621359223301,94,0,10.0,22,FEW_SEATS_AVAILABLE,INCOMING_AT
3917041,60404,22,-1.7,0,2026-04-05,FEW_SEATS_AVAILABLE,IN_TRANSIT_TO,19,1,1,199,103,0.6796116504854369,70,0,23.26,22,FEW_SEATS_AVAILABLE,IN_TRANSIT_TO
3917042,60381,22,0.53,0,2026-04-05,FEW_SEATS_AVAILABLE,IN_TRANSIT_TO,18,1,1,199,103,0.5242718446601942,54,0,24.28,22,FEW_SEATS_AVAILABLE,IN_TRANSIT_TO
3917043,60370,22,-2.57,0,2026-04-05,FEW_SEATS_AVAILABLE,IN_TRANSIT_TO,19,1,1,199,103,0.4174757281553398,43,0,15.14,22,FEW_SEATS_AVAILABLE,IN_TRANSIT_TO
3917044,60359,22,0.15,0,2026-04-05,FULL,IN_TRANSIT_TO,19,1,1,199,103,0.3106796116504854,32,0,22.17,22,FULL,IN_TRANSIT_TO
3917078,60346,22,-2.68,0,2026-04-05,EMPTY,IN_TRANSIT_TO,19,1,1,199,103,0.1941747572815534,20,0,0.01,22,EMPTY,IN_TRANSIT_TO
3916786,60413,22,0.07,0,2026-04-23,FULL,INCOMING_AT,20,0,0,199,103,0.7475728155339806,77,0,0.0,22,FULL,INCOMING_AT
3917072,60519,22,-22.57,0,2026-04-05,FEW_SEATS_AVAILABLE,INCOMING_AT,19,1,1,199,103,0.009708737864077669,1,0,0.0,22,FEW_SEATS_AVAILABLE,INCOMING_AT
3916735,60348,22,5.1,1,2026-04-23,FULL,INCOMING_AT,20,0,0,199,103,0.21359223300970873,22,0,22.18,22,FULL,INCOMING_AT
3916736,60332,22,1.52,0,2026-04-23,FULL,IN_TRANSIT_TO,20,0,0,199,103,0.05825242718446602,6,0,0.01,22,FULL,IN_TRANSIT_TO
3925795,61314,59,-1.03,0,2026-04-23,FEW_SEATS_AVAILABLE,IN_TRANSIT_TO,20,0,0,107,56,0.6785714285714286,38,1,29.98,59,FEW_SEATS_AVAILABLE,IN_TRANSIT_TO
3925796,61366,59,-3.2,0,2026-04-23,FEW_SEATS_AVAILABLE,INCOMING_AT,20,0,0,107,56,0.017857142857142856,1,1,0.01,59,FEW_SEATS_AVAILABLE,INCOMING_AT
3925765,61932,59,0.57,0,2026-04-23,EMPTY,IN_TRANSIT_TO,20,0,0,107,54,0.6296296296296297,34,0,32.92,59,EMPTY,IN_TRANSIT_TO
3925766,66033,59,-2.2,0,2026-04-23,EMPTY,INCOMING_AT,20,0,0,107,54,0.018518518518518517,1,0,0.0,59,EMPTY,INCOMING_AT
3925829,62525,59,3.73,0,2026-04-05,FEW_SEATS_AVAILABLE,INCOMING_AT,13,0,1,107,53,0.6981132075471698,37,0,30.58,59,FEW_SEATS_AVAILABLE,INCOMING_AT
3925834,66033,59,-1.45,0,2026-04-05,EMPTY,INCOMING_AT,13,0,1,107,53,0.018867924528301886,1,0,0.0,59,EMPTY,INCOMING_AT
3925831,62604,59,-2.27,0,2026-04-05,EMPTY,IN_TRANSIT_TO,17,1,1,107,53,0.9811320754716981,52,0,0.01,59,EMPTY,IN_TRANSIT_TO
3925835,65907,59,1.1,0,2026-04-05,EMPTY,IN_TRANSIT_TO,17,1,1,107,53,0.11320754716981132,6,0,0.0,59,EMPTY,IN_TRANSIT_TO
3925837,60392,59,-1.57,0,2026-04-05,EMPTY,IN_TRANSIT_TO,19,1,1,107,53,0.33962264150943394,18,0,15.93,59,EMPTY,IN_TRANSIT_TO
3925845,61957,59,0.55,0,2026-04-05,EMPTY,INCOMING_AT,13,0,1,107,55,0.32727272727272727,18,1,13.55,59,EMPTY,INCOMING_AT
3925849,62420,59,0.1,0,2026-04-05,FEW_SEATS_AVAILABLE,INCOMING_AT,17,1,1,107,55,0.5454545454545454,30,1,24.89,59,FEW_SEATS_AVAILABLE,INCOMING_AT
3925851,61963,59,-0.12,0,2026-04-05,EMPTY,IN_TRANSIT_TO,19,1,1,107,55,0.41818181818181815,23,1,0.2,59,EMPTY,IN_TRANSIT_TO
3927492,65840,64A,0.45,0,2026-04-05,EMPTY,INCOMING_AT,13,0,1,111,58,0.6724137931034483,39,0,4.05,64A,EMPTY,INCOMING_AT
3927493,63003,64A,-0.9,0,2026-04-05,FULL,IN_TRANSIT_TO,13,0,1,111,58,0.25862068965517243,15,0,25.67,64A,FULL,IN_TRANSIT_TO
3927499,65958,64A,-0.7,0,2026-04-05,FULL,INCOMING_AT,17,1,1,111,58,0.6896551724137931,40,0,0.48,64A,FULL,INCOMING_AT
3927501,63332,64A,-13.9,0,2026-04-05,EMPTY,INCOMING_AT,17,1,1,111,58,0.017241379310344827,1,0,0.0,64A,EMPTY,INCOMING_AT
3927503,65840,64A,1.7,0,2026-04-05,EMPTY,IN_TRANSIT_TO,18,1,1,111,58,0.6724137931034483,39,0,0.0,64A,EMPTY,IN_TRANSIT_TO
3927506,63002,64A,-0.42,0,2026-04-05,EMPTY,IN_TRANSIT_TO,19,1,1,111,58,0.2413793103448276,14,0,36.3,64A,EMPTY,IN_TRANSIT_TO
3927375,60410,64A,2.48,0,2026-04-23,FEW_SEATS_AVAILABLE,IN_TRANSIT_TO,20,0,0,111,58,0.6206896551724138,36,0,26.07,64A,FEW_SEATS_AVAILABLE,IN_TRANSIT_TO
3927371,62998,64A,-0.2,0,2026-04-23,EMPTY,IN_TRANSIT_TO,20,0,0,111,58,0.1724137931034483,10,0,0.0,64A,EMPTY,IN_TRANSIT_TO
3927376,63332,64A,-28.2,0,2026-04-23,EMPTY,INCOMING_AT,20,0,0,111,58,0.017241379310344827,1,0,0.0,64A,EMPTY,INCOMING_AT
3927521,63093,64A,-1.22,0,2026-04-05,EMPTY,IN_TRANSIT_TO,13,0,1,111,55,0.7454545454545455,41,1,28.0,64A,EMPTY,IN_TRANSIT_TO
3927522,60439,64A,-1.05,0,2026-04-05,EMPTY,INCOMING_AT,13,0,1,111,55,0.3090909090909091,17,1,0.01,64A,EMPTY,INCOMING_AT
3927523,64036,64A,-10.45,0,2026-04-05,EMPTY,INCOMING_AT,13,0,1,111,55,0.01818181818181818,1,1,0.0,64A,EMPTY,INCOMING_AT
3927528,63092,64A,0.1,0,2026-04-05,EMPTY,INCOMING_AT,17,1,1,111,55,0.7272727272727273,40,1,17.75,64A,EMPTY,INCOMING_AT
3927529,60439,64A,-2.5,0,2026-04-05,EMPTY,IN_TRANSIT_TO,17,1,1,111,55,0.3090909090909091,17,1,23.97,64A,EMPTY,IN_TRANSIT_TO
3927530,64036,64A,-21.9,0,2026-04-05,EMPTY,INCOMING_AT,17,1,1,111,55,0.01818181818181818,1,1,0.0,64A,EMPTY,INCOMING_AT
3927531,60110,64A,-0.63,0,2026-04-05,FULL,IN_TRANSIT_TO,19,1,1,111,55,0.9818181818181818,54,1,25.5,64A,FULL,IN_TRANSIT_TO
3927533,64041,64A,1.35,0,2026-04-05,EMPTY,IN_TRANSIT_TO,18,1,1,111,55,0.09090909090909091,5,1,7.0,64A,EMPTY,IN_TRANSIT_TO
3927537,64036,64A,-23.57,0,2026-04-05,EMPTY,INCOMING_AT,19,1,1,111,55,0.01818181818181818,1,1,0.0,64A,EMPTY,INCOMING_AT
3927397,63139,64A,9.8,1,2026-04-23,FEW_SEATS_AVAILABLE,INCOMING_AT,20,0,0,111,55,0.41818181818181815,23,1,1.0,64A,FEW_SEATS_AVAILABLE,INCOMING_AT
3927411,64038,64A,2.1,0,2026-04-23,EMPTY,INCOMING_AT,20,0,0,111,55,0.05454545454545454,3,1,4.86,64A,EMPTY,INCOMING_AT
3925162,63456,Rapid 568,-6.2,0,2026-04-23,FEW_SEATS_AVAILABLE,IN_TRANSIT_TO,20,0,0,38,20,0.85,17,1,41.03,Rapid 568,FEW_SEATS_AVAILABLE,IN_TRANSIT_TO
3925164,63279,Rapid 568,-0.2,0,2026-04-23,FEW_SEATS_AVAILABLE,IN_TRANSIT_TO,20,0,0,38,20,0.35,7,1,0.01,Rapid 568,FEW_SEATS_AVAILABLE,IN_TRANSIT_TO
3924499,62394,55,-2.45,0,2026-04-05,EMPTY,INCOMING_AT,13,0,1,82,40,0.775,31,1,0.01,55,EMPTY,INCOMING_AT
3924500,65252,55,-0.37,0,2026-04-05,EMPTY,IN_TRANSIT_TO,13,0,1,82,40,0.05,2,1,18.17,55,EMPTY,IN_TRANSIT_TO
3924506,62393,55,0.17,0,2026-04-05,EMPTY,IN_TRANSIT_TO,17,1,1,82,40,0.75,30,1,3.4,55,EMPTY,IN_TRANSIT_TO
3924507,61939,55,1.1,0,2026-04-05,EMPTY,INCOMING_AT,17,1,1,82,40,0.025,1,1,16.0,55,EMPTY,INCOMING_AT
3924510,61939,55,0.43,0,2026-04-05,EMPTY,INCOMING_AT,19,1,1,82,40,0.025,1,1,0.02,55,EMPTY,INCOMING_AT
3924412,62376,55,5.1,1,2026-04-23,FULL,IN_TRANSIT_TO,20,0,0,82,40,0.425,17,1,37.17,55,FULL,IN_TRANSIT_TO
3924477,62348,55,-6.45,0,2026-04-05,EMPTY,IN_TRANSIT_TO,13,0,1,82,45,0.7555555555555555,34,0,6.48,55,EMPTY,IN_TRANSIT_TO
3924478,62314,55,-0.78,0,2026-04-05,EMPTY,IN_TRANSIT_TO,13,0,1,82,45,0.15555555555555556,7,0,24.07,55,EMPTY,IN_TRANSIT_TO
3924484,62347,55,-1.92,0,2026-04-05,EMPTY,IN_TRANSIT_TO,17,1,1,82,45,0.7333333333333333,33,0,0.01,55,EMPTY,IN_TRANSIT_TO
3924485,62312,55,1.67,0,2026-04-05,EMPTY,IN_TRANSIT_TO,16,1,1,82,45,0.1111111111111111,5,0,11.42,55,EMPTY,IN_TRANSIT_TO
3924488,62321,55,-2.57,0,2026-04-05,EMPTY,IN_TRANSIT_TO,19,1,1,82,45,0.3111111111111111,14,0,0.0,55,EMPTY,IN_TRANSIT_TO
