snapshot_ts,feed_ts,vehicle_id,trip_id,route_id,direction_id,start_time,start_date,schedule_relationship,stop_id,current_stop_sequence,current_status,current_status_name,latitude,longitude,bearing,speed_mph,occupancy_status,occupancy_label,vehicle_timestamp
2026-04-06T02:00:29.210655+00:00,1775440829,0133,3926253,60,0,18:16:00,20260405,0,65867,34.0,2,IN_TRANSIT_TO,37.367759704589844,-121.91403198242188,326.7200012207031,25.44,0,EMPTY,1775440826
2026-04-06T02:00:29.210655+00:00,1775440829,0134,3926300,60,1,19:28:00,20260405,0,65882,1.0,1,INCOMING_AT,37.41005325317383,-121.89159393310547,,0.0,0,EMPTY,1775440826
2026-04-06T02:00:29.210655+00:00,1775440829,0137,3918058,23,1,19:11:00,20260405,0,65320,1.0,1,INCOMING_AT,37.357749938964844,-121.83255767822266,,0.01,0,EMPTY,1775440826
2026-04-06T02:00:29.210655+00:00,1775440829,0138,,,0,,,0,,,2,IN_TRANSIT_TO,37.35243606567383,-121.85613250732422,,0.01,0,EMPTY,1775440826
2026-04-06T02:00:29.210655+00:00,1775440829,0139,3918087,23,1,18:25:00,20260405,0,60631,31.0,2,IN_TRANSIT_TO,37.323509216308594,-121.9218978881836,269.5,29.6,0,EMPTY,1775440826
2026-04-06T02:00:29.210655+00:00,1775440829,0141,3918088,23,1,18:55:00,20260405,0,63066,3.0,1,INCOMING_AT,37.36146926879883,-121.83751678466797,238.9499969482422,11.9,0,EMPTY,1775440826
2026-04-06T02:00:29.210655+00:00,1775440829,0142,,,0,,,0,,,2,IN_TRANSIT_TO,37.273468017578125,-121.83061218261719,133.30999755859375,36.4,0,EMPTY,1775440826
2026-04-06T02:00:29.210655+00:00,1775440829,0144,,,0,,,0,,,2,IN_TRANSIT_TO,37.35774612426758,-121.83248901367188,143.75,6.64,0,EMPTY,1775440826
2026-04-06T02:00:29.210655+00:00,1775440829,0145,3923820,Rapid 523,0,18:05:00,20260405,0,60600,23.0,1,INCOMING_AT,37.323463439941406,-121.91200256347656,88.81999969482422,8.92,0,EMPTY,1775440826
2026-04-06T02:00:29.210655+00:00,1775440829,0146,,,0,,,0,,,2,IN_TRANSIT_TO,37.30779266357422,-121.8548355102539,,0.02,2,FEW_SEATS_AVAILABLE,1775440826
2026-04-06T02:00:29.210655+00:00,1775440829,0147,3921929,Rapid 500,0,18:52:00,20260405,0,60413,4.0,2,IN_TRANSIT_TO,37.338356018066406,-121.88578033447266,62.290000915527344,6.63,0,EMPTY,1775440826
2026-04-06T02:00:29.210655+00:00,1775440829,0148,,,0,,,0,,,2,IN_TRANSIT_TO,37.307552337646484,-121.85588073730469,,0.0,0,EMPTY,1775440826
2026-04-06T02:00:29.210655+00:00,1775440829,0154,3921930,Rapid 500,0,19:12:00,20260405,0,63072,1.0,1,INCOMING_AT,37.3304443359375,-121.90213012695312,,0.0,0,EMPTY,1775440826
2026-04-06T02:00:29.210655+00:00,1775440829,0155,,,0,,,0,,,2,IN_TRANSIT_TO,37.30778121948242,-121.85467529296875,,0.0,0,EMPTY,1775440826
2026-04-06T02:00:29.210655+00:00,1775440829,0156,3918108,23,1,18:10:00,20260405,0,60645,40.0,2,IN_TRANSIT_TO,37.32331848144531,-121.96680450439453,269.2200012207031,35.98,0,EMPTY,1775440826
2026-04-06T02:00:29.210655+00:00,1775440829,0159,3929076,68,1,17:31:00,20260405,0,63469,92.0,2,IN_TRANSIT_TO,37.01559829711914,-121.57295227050781,157.22000122070312,28.95,0,EMPTY,1775440826
2026-04-06T02:00:29.210655+00:00,1775440829,0161,3918042,23,0,19:02:00,20260405,0,65637,1.0,1,INCOMING_AT,37.32250213623047,-122.04439544677734,,0.0,0,EMPTY,1775440826
2026-04-06T02:00:29.210655+00:00,1775440829,0162,3928998,68,0,18:25:00,20260405,0,63392,43.0,2,IN_TRANSIT_TO,37.171722412109375,-121.71192932128906,321.5799865722656,48.35,0,EMPTY,1775440826
2026-04-06T02:00:29.210655+00:00,1775440829,0163,3918026,23,0,18:31:00,20260405,0,60596,26.0,1,INCOMING_AT,37.3233757019043,-121.92591094970703,87.2300033569336,24.64,0,EMPTY,1775440826
2026-04-06T02:00:29.210655+00:00,1775440829,0164,3929046,68,1,17:51:00,20260405,0,63438,58.0,2,IN_TRANSIT_TO,37.15084457397461,-121.68130493164062,,3.2,0,EMPTY,1775440826
2026-04-06T02:00:29.210655+00:00,1775440829,0166,3918098,23,1,18:40:00,20260405,0,63264,18.0,1,INCOMING_AT,37.33623123168945,-121.88917541503906,,0.0,0,EMPTY,1775440826
2026-04-06T02:00:29.210655+00:00,1775440829,0167,3917997,23,0,19:19:00,20260405,0,65637,1.0,1,INCOMING_AT,37.32251739501953,-122.04456329345703,,0.0,0,EMPTY,1775440826
2026-04-06T02:00:29.210655+00:00,1775440829,0168,,,0,,,0,,,2,IN_TRANSIT_TO,37.41812515258789,-121.93411254882812,,0.0,0,EMPTY,1775440826
2026-04-06T02:00:29.210655+00:00,1775440829,0169,3926299,60,1,18:59:00,20260405,0,64585,2.0,2,IN_TRANSIT_TO,37.409446716308594,-121.89176940917969,,0.0,0,EMPTY,1775440826
2026-04-06T02:00:29.210655+00:00,1775440829,0170,3928286,66,0,19:20:00,20260405,0,64463,1.0,1,INCOMING_AT,37.23651123046875,-121.78962707519531,,0.0,0,EMPTY,1775440826
2026-04-06T02:00:29.210655+00:00,1775440829,0171,3926979,61,0,18:42:00,20260405,0,60815,21.0,2,IN_TRANSIT_TO,37.310638427734375,-121.93168640136719,2.880000114440918,12.89,0,EMPTY,1775440826
2026-04-06T02:00:29.210655+00:00,1775440829,0172,3927506,64A,0,18:46:00,20260405,0,63002,14.0,2,IN_TRANSIT_TO,37.27669906616211,-121.87933349609375,340.07000732421875,36.3,0,EMPTY,1775440826
2026-04-06T02:00:29.210655+00:00,1775440829,0173,3923821,Rapid 523,0,18:35:00,20260405,0,60565,13.0,2,IN_TRANSIT_TO,37.3287467956543,-122.04148864746094,180.0500030517578,31.44,0,EMPTY,1775440826
2026-04-06T02:00:29.210655+00:00,1775440829,0174,3923860,Rapid 523,1,18:26:00,20260405,0,60656,15.0,2,IN_TRANSIT_TO,37.3231315612793,-122.00585174560547,269.760009765625,29.49,0,EMPTY,1775440826
2026-04-06T02:00:29.210655+00:00,1775440829,0175,3923863,Rapid 523,1,19:30:00,20260405,0,62943,1.0,1,INCOMING_AT,37.33845138549805,-121.88372039794922,,0.0,0,EMPTY,1775440826
2026-04-06T02:00:29.210655+00:00,1775440829,0176,3923862,Rapid 523,1,18:56:00,20260405,0,62943,1.0,1,INCOMING_AT,37.338348388671875,-121.8836441040039,,0.01,0,EMPTY,1775440826
2026-04-06T02:00:29.210655+00:00,1775440829,0178,,,0,,,0,,,2,IN_TRANSIT_TO,37.41188430786133,-122.07391357421875,,0.01,0,EMPTY,1775440826
2026-04-06T02:00:29.210655+00:00,1775440829,0187,,,0,,,0,,,2,IN_TRANSIT_TO,37.337684631347656,-122.00566864013672,173.0500030517578,4.15,0,EMPTY,1775440826
2026-04-06T02:00:29.210655+00:00,1775440829,0191,3923838,Rapid 523,0,19:05:00,20260405,0,64477,1.0,1,INCOMING_AT,37.410648345947266,-122.0283203125,,0.0,0,EMPTY,1775440826
2026-04-06T02:00:29.210655+00:00,1775440829,0192,,,0,,,0,,,2,IN_TRANSIT_TO,37.41194534301758,-122.07433319091797,,0.0,0,EMPTY,1775440826
2026-04-06T02:00:29.210655+00:00,1775440829,0193,3918027,23,0,18:46:00,20260405,0,60582,17.0,1,INCOMING_AT,37.323062896728516,-121.97439575195312,,0.0,0,EMPTY,1775440826
2026-04-06T02:00:29.210655+00:00,1775440829,0196,,,0,,,0,,,2,IN_TRANSIT_TO,37.41806411743164,-121.93424987792969,,0.0,0,EMPTY,1775440826
2026-04-06T02:00:29.210655+00:00,1775440829,0501,,,0,,,0,,,2,IN_TRANSIT_TO,37.31098937988281,-121.9499740600586,,0.0,0,EMPTY,1775440826
2026-04-06T02:00:29.210655+00:00,1775440829,0902,,,0,,,0,,,2,IN_TRANSIT_TO,37.35578918457031,-121.9090805053711,,0.0,0,EMPTY,1775440826
2026-04-06T02:00:29.210655+00:00,1775440829,0903,3940302,Orange Line,1,19:14:00,20260405,0,65243,1.0,1,INCOMING_AT,37.35832595825195,-121.83222198486328,,0.0,0,EMPTY,1775440826
2026-04-06T02:00:29.210655+00:00,1775440829,0904,,,0,,,0,,,2,IN_TRANSIT_TO,37.35595703125,-121.90879821777344,,0.0,0,EMPTY,1775440826
2026-04-06T02:00:29.210655+00:00,1775440829,0906,3938719,Blue Line,1,18:20:00,20260405,0,64780,20.0,1,INCOMING_AT,37.27412414550781,-121.86299133300781,,0.0,0,EMPTY,1775440826
2026-04-06T02:00:29.210655+00:00,1775440829,0907,,,0,,,0,,,2,IN_TRANSIT_TO,37.35518264770508,-121.90921783447266,,0.0,0,EMPTY,1775440826
2026-04-06T02:00:29.210655+00:00,1775440829,0908,,,0,,,0,,,2,IN_TRANSIT_TO,37.35555648803711,-121.90926361083984,,0.0,0,EMPTY,1775440826
2026-04-06T02:00:29.210655+00:00,1775440829,0911,,,0,,,0,,,2,IN_TRANSIT_TO,37.35493850708008,-121.90975952148438,,0.0,0,EMPTY,1775440826
2026-04-06T02:00:29.210655+00:00,1775440829,0912,3940299,Orange Line,1,18:14:00,20260405,0,65024,22.0,2,IN_TRANSIT_TO,37.40273666381836,-122.03013610839844,246.0,30.0,0,EMPTY,1775440826
2026-04-06T02:00:29.210655+00:00,1775440829,0914,3939400,Green Line,0,18:18:00,20260405,0,64757,20.0,2,IN_TRANSIT_TO,37.391212463378906,-121.93163299560547,329.0,34.0,0,EMPTY,1775440826
2026-04-06T02:00:29.210655+00:00,1775440829,0915,3939450,Green Line,1,18:21:00,20260405,0,65389,19.0,2,IN_TRANSIT_TO,37.32807922363281,-121.8946304321289,252.0,7.0,0,EMPTY,1775440826
2026-04-06T02:00:29.210655+00:00,1775440829,0916,,,0,,,0,,,2,IN_TRANSIT_TO,37.35533905029297,-121.90939331054688,,0.0,0,EMPTY,1775440826
2026-04-06T02:00:29.210655+00:00,1775440829,0917,,,0,,,0,,,2,IN_TRANSIT_TO,37.35502624511719,-121.90823364257812,,0.0,0,EMPTY,1775440826
2026-04-06T02:00:29.210655+00:00,1775440829,0919,,,0,,,0,,,2,IN_TRANSIT_TO,37.35554885864258,-121.90921020507812,,0.0,0,EMPTY,1775440826
2026-04-06T02:00:29.210655+00:00,1775440829,0920,3940251,Orange Line,0,18:22:00,20260405,0,64803,18.0,2,IN_TRANSIT_TO,37.41297149658203,-121.9178237915039,43.0,18.0,0,EMPTY,1775440826
2026-04-06T02:00:29.210655+00:00,1775440829,0922,3938673,Blue Line,0,19:09:00,20260405,0,64736,1.0,1,INCOMING_AT,37.23664093017578,-121.78915405273438,,0.0,0,EMPTY,1775440826
2026-04-06T02:00:29.210655+00:00,1775440829,0924,,,0,,,0,,,2,IN_TRANSIT_TO,37.355552673339844,-121.90876007080078,,0.0,0,EMPTY,1775440826
2026-04-06T02:00:29.210655+00:00,1775440829,0925,,,0,,,0,,,2,IN_TRANSIT_TO,37.35578918457031,-121.90914916992188,,0.0,0,EMPTY,1775440826
2026-04-06T02:00:29.210655+00:00,1775440829,0926,,,0,,,0,,,2,IN_TRANSIT_TO,37.354949951171875,-121.90818786621094,,0.0,0,EMPTY,1775440826
2026-04-06T02:00:29.210655+00:00,1775440829,0928,3939451,Green Line,1,18:41:00,20260405,0,64770,13.0,2,IN_TRANSIT_TO,37.3589973449707,-121.90753936767578,149.0,33.0,0,EMPTY,1775440826
2026-04-06T02:00:29.210655+00:00,1775440829,0930,,,0,,,0,,,2,IN_TRANSIT_TO,37.3559684753418,-121.9084243774414,,0.0,0,EMPTY,1775440826
2026-04-06T02:00:29.210655+00:00,1775440829,0931,,,0,,,0,,,2,IN_TRANSIT_TO,37.35497283935547,-121.90978240966797,,0.0,0,EMPTY,1775440826
2026-04-06T02:00:29.210655+00:00,1775440829,0932,3938672,Blue Line,0,18:41:00,20260405,0,64745,11.0,2,IN_TRANSIT_TO,37.32068634033203,-121.89044952392578,342.0,30.0,0,EMPTY,1775440826
2026-04-06T02:00:29.210655+00:00,1775440829,0936,,,0,,,0,,,2,IN_TRANSIT_TO,37.35555648803711,-121.90930938720703,,0.0,0,EMPTY,1775440826
2026-04-06T02:00:29.210655+00:00,1775440829,0937,,,0,,,0,,,2,IN_TRANSIT_TO,37.35539245605469,-121.90898132324219,,0.0,0,EMPTY,1775440826
2026-04-06T02:00:29.210655+00:00,1775440829,0940,3939452,Green Line,1,19:01:00,20260405,0,64797,1.0,1,INCOMING_AT,37.403297424316406,-121.97886657714844,,0.0,0,EMPTY,1775440826
2026-04-06T02:00:29.210655+00:00,1775440829,0943,,,0,,,0,,,2,IN_TRANSIT_TO,37.354515075683594,-121.90789031982422,,0.0,0,EMPTY,1775440826
2026-04-06T02:00:29.210655+00:00,1775440829,0944,,,0,,,0,,,2,IN_TRANSIT_TO,37.35556411743164,-121.90925598144531,,0.0,0,EMPTY,1775440826
2026-04-06T02:00:29.210655+00:00,1775440829,0945,3939401,Green Line,0,18:38:00,20260405,0,64748,11.0,1,INCOMING_AT,37.335784912109375,-121.89020538330078,,0.0,0,EMPTY,1775440826
2026-04-06T02:00:29.210655+00:00,1775440829,0947,,,0,,,0,,,2,IN_TRANSIT_TO,37.35498809814453,-121.90941619873047,,0.0,0,EMPTY,1775440826
2026-04-06T02:00:29.210655+00:00,1775440829,0948,3940252,Orange Line,0,18:42:00,20260405,0,64795,10.0,2,IN_TRANSIT_TO,37.403324127197266,-122.00131225585938,89.0,35.0,0,EMPTY,1775440826
2026-04-06T02:00:29.210655+00:00,1775440829,0950,,,0,,,0,,,2,IN_TRANSIT_TO,37.35477066040039,-121.9080581665039,,0.0,0,EMPTY,1775440826
2026-04-06T02:00:29.210655+00:00,1775440829,0951,,,0,,,0,,,2,IN_TRANSIT_TO,37.35354232788086,-121.90911102294922,,0.0,0,EMPTY,1775440826
2026-04-06T02:00:29.210655+00:00,1775440829,0954,,,0,,,0,,,2,IN_TRANSIT_TO,37.355587005615234,-121.90933990478516,,0.0,0,EMPTY,1775440826
2026-04-06T02:00:29.210655+00:00,1775440829,0955,,,0,,,0,,,2,IN_TRANSIT_TO,37.355064392089844,-121.90904235839844,,0.0,0,EMPTY,1775440826
2026-04-06T02:00:29.210655+00:00,1775440829,0956,,,0,,,0,,,2,IN_TRANSIT_TO,37.356178283691406,-121.90869903564453,,0.0,0,EMPTY,1775440826
2026-04-06T02:00:29.210655+00:00,1775440829,0958,3938671,Blue Line,0,18:21:00,20260405,0,64753,19.0,2,IN_TRANSIT_TO,37.36959457397461,-121.9156265258789,329.0,20.0,0,EMPTY,1775440826
2026-04-06T02:00:29.210655+00:00,1775440829,0959,,,0,,,0,,,2,IN_TRANSIT_TO,37.35524368286133,-121.90880584716797,,0.0,0,EMPTY,1775440826
2026-04-06T02:00:29.210655+00:00,1775440829,0960,3940253,Orange Line,0,19:02:00,20260405,0,64786,1.0,1,INCOMING_AT,37.394927978515625,-122.07684326171875,,0.0,0,EMPTY,1775440826
2026-04-06T02:00:29.210655+00:00,1775440829,0961,3939399,Green Line,0,17:58:00,20260405,0,65866,27.0,2,IN_TRANSIT_TO,37.403385162353516,-121.98128509521484,,0.0,0,EMPTY,1775440826
2026-04-06T02:00:29.210655+00:00,1775440829,0963,,,0,,,0,,,2,IN_TRANSIT_TO,37.3548469543457,-121.90923309326172,,0.0,0,EMPTY,1775440826
2026-04-06T02:00:29.210655+00:00,1775440829,0967,,,0,,,0,,,2,IN_TRANSIT_TO,37.35316848754883,-121.9094467163086,,0.0,0,EMPTY,1775440826
2026-04-06T02:00:29.210655+00:00,1775440829,0968,,,0,,,0,,,2,IN_TRANSIT_TO,37.35546875,-121.90914916992188,,0.0,0,EMPTY,1775440826
2026-04-06T02:00:29.210655+00:00,1775440829,0969,,,0,,,0,,,2,IN_TRANSIT_TO,37.355464935302734,-121.90918731689453,,0.0,0,EMPTY,1775440826
2026-04-06T02:00:29.210655+00:00,1775440829,0970,3939402,Green Line,0,19:00:00,20260405,0,65380,1.0,1,INCOMING_AT,37.27957534790039,-121.94796752929688,,0.0,0,EMPTY,1775440826
2026-04-06T02:00:29.210655+00:00,1775440829,0972,,,0,,,0,,,2,IN_TRANSIT_TO,37.35505676269531,-121.90899658203125,,0.0,0,EMPTY,1775440826
2026-04-06T02:00:29.210655+00:00,1775440829,0977,,,0,,,0,,,2,IN_TRANSIT_TO,37.355342864990234,-121.90938568115234,,0.0,0,EMPTY,1775440826
2026-04-06T02:00:29.210655+00:00,1775440829,0978,3940300,Orange Line,1,18:34:00,20260405,0,64806,11.0,1,INCOMING_AT,37.41051483154297,-121.94234466552734,,0.0,0,EMPTY,1775440826
2026-04-06T02:00:29.210655+00:00,1775440829,0979,,,0,,,0,,,2,IN_TRANSIT_TO,37.355926513671875,-121.90880584716797,,0.0,0,EMPTY,1775440826
2026-04-06T02:00:29.210655+00:00,1775440829,0984,3938721,Blue Line,1,19:00:00,20260405,0,64761,1.0,1,INCOMING_AT,37.410606384277344,-121.94209289550781,,0.0,0,EMPTY,1775440826
2026-04-06T02:00:29.210655+00:00,1775440829,0986,,,0,,,0,,,2,IN_TRANSIT_TO,37.35497283935547,-121.90985107421875,,0.0,0,EMPTY,1775440826
2026-04-06T02:00:29.210655+00:00,1775440829,0990,,,0,,,0,,,2,IN_TRANSIT_TO,37.355377197265625,-121.90901184082031,,0.0,0,EMPTY,1775440826
2026-04-06T02:00:29.210655+00:00,1775440829,0991,,,0,,,0,,,2,IN_TRANSIT_TO,37.35578536987305,-121.90863800048828,,0.0,0,EMPTY,1775440826
2026-04-06T02:00:29.210655+00:00,1775440829,0994,,,0,,,0,,,2,IN_TRANSIT_TO,37.35586929321289,-121.90878295898438,,0.0,0,EMPTY,1775440826
2026-04-06T02:00:29.210655+00:00,1775440829,0995,3940301,Orange Line,1,18:54:00,20260405,0,65246,4.0,2,IN_TRANSIT_TO,37.38400650024414,-121.85761260986328,319.0,34.0,0,EMPTY,1775440826
2026-04-06T02:00:29.210655+00:00,1775440829,0996,,,0,,,0,,,2,IN_TRANSIT_TO,37.355831146240234,-121.90825653076172,,0.0,0,EMPTY,1775440826
2026-04-06T02:00:29.210655+00:00,1775440829,0997,,,0,,,0,,,2,IN_TRANSIT_TO,37.35563659667969,-121.90843963623047,,0.0,0,EMPTY,1775440826
2026-04-06T02:00:29.210655+00:00,1775440829,0998,,,0,,,0,,,2,IN_TRANSIT_TO,37.35441207885742,-121.90782165527344,,0.0,0,EMPTY,1775440826
2026-04-06T02:00:29.210655+00:00,1775440829,0999,3938720,Blue Line,1,18:40:00,20260405,0,64772,12.0,2,IN_TRANSIT_TO,37.340187072753906,-121.8923110961914,109.0,5.0,0,EMPTY,1775440826
2026-04-06T02:00:29.210655+00:00,1775440829,2249,,,0,,,0,,,2,IN_TRANSIT_TO,37.33935546875,-121.88404083251953,239.6999969482422,17.18,0,EMPTY,1775440826
2026-04-06T02:00:29.210655+00:00,1775440829,3401,3929809,70,1,19:12:00,20260405,0,65884,1.0,1,INCOMING_AT,37.41035461425781,-121.8920669555664,,0.0,0,EMPTY,1775440826
2026-04-06T02:00:29.210655+00:00,1775440829,3402,3925419,57,0,18:26:00,20260405,0,62520,32.0,2,IN_TRANSIT_TO,37.36742401123047,-121.97628021240234,355.20001220703125,22.32,0,EMPTY,1775440826
2026-04-06T02:00:29.210655+00:00,1775440829,3403,3928255,66,0,18:22:00,20260405,0,63212,35.0,2,IN_TRANSIT_TO,37.3305778503418,-121.88642883300781,332.25,21.11,0,EMPTY,1775440826
2026-04-06T02:00:29.210655+00:00,1775440829,3405,3921407,47,1,18:58:00,20260405,0,64578,2.0,2,IN_TRANSIT_TO,37.41139602661133,-121.88971710205078,69.88999938964844,34.49,0,EMPTY,1775440826
2026-04-06T02:00:29.210655+00:00,1775440829,3414,3928254,66,0,17:41:00,20260405,0,63841,63.0,2,IN_TRANSIT_TO,37.41257858276367,-121.89854431152344,,0.0,0,EMPTY,1775440826
2026-04-06T02:00:29.210655+00:00,1775440829,3415,3924510,55,1,19:00:00,20260405,0,61939,1.0,1,INCOMING_AT,37.404022216796875,-121.9801025390625,,0.02,0,EMPTY,1775440826
2026-04-06T02:00:29.210655+00:00,1775440829,3416,3924885,56,1,17:58:00,20260405,0,60750,60.0,1,INCOMING_AT,37.31098937988281,-121.88470458984375,,0.0,0,EMPTY,1775440826
2026-04-06T02:00:29.210655+00:00,1775440829,3421,,,0,,,0,,,2,IN_TRANSIT_TO,37.4190788269043,-121.9349136352539,,0.02,0,EMPTY,1775440826
2026-04-06T02:00:29.210655+00:00,1775440829,3422,,,0,,,0,,,2,IN_TRANSIT_TO,37.418128967285156,-121.93379974365234,,0.0,0,EMPTY,1775440826
2026-04-06T02:00:29.210655+00:00,1775440829,3423,3925415,57,0,18:51:00,20260405,0,62234,11.0,2,IN_TRANSIT_TO,37.29364013671875,-121.98973083496094,42.310001373291016,16.01,0,EMPTY,1775440826
2026-04-06T02:00:29.210655+00:00,1775440829,3428,3925443,57,1,19:00:00,20260405,0,61957,1.0,1,INCOMING_AT,37.403602600097656,-121.98017883300781,,0.01,0,EMPTY,1775440826
2026-04-06T02:00:29.210655+00:00,1775440829,3429,,,0,,,0,,,2,IN_TRANSIT_TO,37.41804885864258,-121.93412017822266,,0.0,0,EMPTY,1775440826
2026-04-06T02:00:29.210655+00:00,1775440829,3430,3929808,70,1,17:51:00,20260405,0,61717,53.0,2,IN_TRANSIT_TO,37.27952575683594,-121.83663940429688,322.0899963378906,29.14,0,EMPTY,1775440826
2026-04-06T02:00:29.210655+00:00,1775440829,3431,,,0,,,0,,,2,IN_TRANSIT_TO,37.41815948486328,-121.93379211425781,,0.0,0,EMPTY,1775440826
2026-04-06T02:00:29.210655+00:00,1775440829,3434,3925851,59,1,18:43:00,20260405,0,61963,23.0,2,IN_TRANSIT_TO,37.392887115478516,-121.97692108154297,,0.2,0,EMPTY,1775440826
2026-04-06T02:00:29.210655+00:00,1775440829,3435,,,0,,,0,,,2,IN_TRANSIT_TO,37.29217529296875,-121.99457550048828,279.2300109863281,12.81,0,EMPTY,1775440826
2026-04-06T02:00:29.210655+00:00,1775440829,3438,,,0,,,0,,,2,IN_TRANSIT_TO,37.41916275024414,-121.93534088134766,,0.0,0,EMPTY,1775440826
2026-04-06T02:00:29.210655+00:00,1775440829,3439,,,0,,,0,,,2,IN_TRANSIT_TO,37.41415786743164,-121.91677856445312,,0.01,0,EMPTY,1775440826
2026-04-06T02:00:29.210655+00:00,1775440829,3447,3919839,26,0,19:07:00,20260405,0,60898,1.0,1,INCOMING_AT,37.2908935546875,-121.991455078125,,0.0,2,FEW_SEATS_AVAILABLE,1775440826
2026-04-06T02:00:29.210655+00:00,1775440829,3449,3933671,72,1,18:35:00,20260405,0,63749,20.0,2,IN_TRANSIT_TO,37.323307037353516,-121.84452056884766,141.58999633789062,35.49,0,EMPTY,1775440826
2026-04-06T02:00:29.210655+00:00,1775440829,3453,3919001,25,0,19:11:00,20260405,0,60697,1.0,1,INCOMING_AT,37.32204818725586,-122.04163360595703,,0.0,0,EMPTY,1775440826
2026-04-06T02:00:29.210655+00:00,1775440829,3454,3928334,66,1,18:59:00,20260405,0,62458,2.0,1,INCOMING_AT,37.45633316040039,-121.91133880615234,166.0,11.0,0,EMPTY,1775440826
2026-04-06T02:00:29.210655+00:00,1775440829,3457,3918994,25,0,19:01:00,20260405,0,66033,1.0,1,INCOMING_AT,37.31245040893555,-121.93733215332031,,0.0,0,EMPTY,1775440826
2026-04-06T02:00:29.210655+00:00,1775440829,3458,3918993,25,0,18:25:00,20260405,0,60745,40.0,2,IN_TRANSIT_TO,37.309391021728516,-121.8990478515625,60.59000015258789,30.02,0,EMPTY,1775440826
2026-04-06T02:00:29.210655+00:00,1775440829,3460,3919887,26,1,18:32:00,20260405,0,60962,17.0,1,INCOMING_AT,37.2894287109375,-121.88905334472656,,0.01,0,EMPTY,1775440826
2026-04-06T02:00:29.210655+00:00,1775440829,3461,3929780,70,0,18:58:00,20260405,0,61713,3.0,2,IN_TRANSIT_TO,37.27446365356445,-121.85057830810547,88.80000305175781,20.38,0,EMPTY,1775440826
2026-04-06T02:00:29.210655+00:00,1775440829,3462,3919062,25,1,18:12:00,20260405,0,60812,36.0,2,IN_TRANSIT_TO,37.310733795166016,-121.91703796386719,,0.0,0,EMPTY,1775440826
2026-04-06T02:00:29.210655+00:00,1775440829,3463,3927503,64A,0,18:15:00,20260405,0,65840,39.0,2,IN_TRANSIT_TO,37.337562561035156,-121.8875961303711,,0.0,0,EMPTY,1775440826
2026-04-06T02:00:29.210655+00:00,1775440829,3464,3927531,64A,1,17:54:00,20260405,0,60110,54.0,2,IN_TRANSIT_TO,37.257625579833984,-121.86502075195312,31.190000534057617,25.5,5,FULL,1775440826
2026-04-06T02:00:29.210655+00:00,1775440829,3465,3927537,64A,1,19:24:00,20260405,0,64036,1.0,1,INCOMING_AT,37.3747444152832,-121.83642578125,,0.0,0,EMPTY,1775440826
2026-04-06T02:00:29.210655+00:00,1775440829,3470,3921976,Rapid 500,1,19:08:00,20260405,0,65874,1.0,1,INCOMING_AT,37.36956024169922,-121.87483215332031,,0.0,0,EMPTY,1775440826
2026-04-06T02:00:29.210655+00:00,1775440829,3475,,,0,,,0,,,2,IN_TRANSIT_TO,37.30766296386719,-121.8559799194336,,0.01,0,EMPTY,1775440826
2026-04-06T02:00:29.210655+00:00,1775440829,3476,,,0,,,0,,,2,IN_TRANSIT_TO,37.307334899902344,-121.85567474365234,,0.0,0,EMPTY,1775440826
2026-04-06T02:00:29.210655+00:00,1775440829,3478,,,0,,,0,,,2,IN_TRANSIT_TO,37.307579040527344,-121.85584259033203,,0.0,0,EMPTY,1775440826
2026-04-06T02:00:29.210655+00:00,1775440829,3479,,,0,,,0,,,2,IN_TRANSIT_TO,37.3075065612793,-121.8557357788086,,0.0,0,EMPTY,1775440826
2026-04-06T02:00:29.210655+00:00,1775440829,3480,,,0,,,0,,,2,IN_TRANSIT_TO,37.30722427368164,-121.85527038574219,,0.01,0,EMPTY,1775440826
2026-04-06T02:00:29.210655+00:00,1775440829,3482,3929000,68,0,19:14:00,20260405,0,63352,1.0,1,INCOMING_AT,37.0038948059082,-121.56664276123047,,0.0,0,EMPTY,1775440826
2026-04-06T02:00:29.210655+00:00,1775440829,3483,3924860,56,0,17:57:00,20260405,0,61025,59.0,2,IN_TRANSIT_TO,37.366371154785156,-122.0137710571289,,0.0,0,EMPTY,1775440826
2026-04-06T02:00:29.210655+00:00,1775440829,3484,,,0,,,0,,,2,IN_TRANSIT_TO,37.3064079284668,-121.854248046875,,0.02,0,EMPTY,1775440826
2026-04-06T02:00:29.210655+00:00,1775440829,3485,3934264,73,1,18:54:00,20260405,0,65515,4.0,2,IN_TRANSIT_TO,37.3371467590332,-121.88982391357422,146.30999755859375,24.31,5,FULL,1775440826
2026-04-06T02:00:29.210655+00:00,1775440829,3490,3929077,68,1,18:31:00,20260405,0,61124,37.0,2,IN_TRANSIT_TO,37.237545013427734,-121.80391693115234,,0.01,0,EMPTY,1775440826
2026-04-06T02:00:29.210655+00:00,1775440829,3492,3919872,26,1,19:03:00,20260405,0,65802,1.0,1,INCOMING_AT,37.32720947265625,-121.8108901977539,,0.0,0,EMPTY,1775440826
2026-04-06T02:00:29.210655+00:00,1775440829,4104,,,0,,,0,,,2,IN_TRANSIT_TO,37.41816711425781,-121.93360900878906,,0.0,5,FULL,1775440826
2026-04-06T02:00:29.210655+00:00,1775440829,4105,,,0,,,0,,,2,IN_TRANSIT_TO,37.3085823059082,-121.85615539550781,,0.01,0,EMPTY,1775440826
2026-04-06T02:00:29.210655+00:00,1775440829,4119,,,0,,,0,,,2,IN_TRANSIT_TO,37.30836868286133,-121.8560562133789,,0.01,0,EMPTY,1775440826
2026-04-06T02:00:29.210655+00:00,1775440829,4120,,,0,,,0,,,2,IN_TRANSIT_TO,37.30765914916992,-121.85604095458984,,0.0,0,EMPTY,1775440826
2026-04-06T02:00:29.210655+00:00,1775440829,4121,,,0,,,0,,,2,IN_TRANSIT_TO,37.30747604370117,-121.85584259033203,,0.0,0,EMPTY,1775440826
2026-04-06T02:00:29.210655+00:00,1775440829,4124,,,0,,,0,,,2,IN_TRANSIT_TO,37.30755615234375,-121.85594177246094,,0.01,0,EMPTY,1775440826
2026-04-06T02:00:29.210655+00:00,1775440829,4126,3916576,21,0,18:16:00,20260405,0,61423,35.0,2,IN_TRANSIT_TO,37.394996643066406,-122.08990478515625,117.3499984741211,5.75,0,EMPTY,1775440826
2026-04-06T02:00:29.210655+00:00,1775440829,4127,3916577,21,0,19:16:00,20260405,0,61564,1.0,1,INCOMING_AT,37.44053649902344,-122.17366027832031,,0.0,0,EMPTY,1775440826
2026-04-06T02:00:29.210655+00:00,1775440829,4129,3916588,21,1,18:20:00,20260405,0,62107,42.0,2,IN_TRANSIT_TO,37.39809036254883,-122.07615661621094,217.97000122070312,22.17,0,EMPTY,1775440826
2026-04-06T02:00:29.210655+00:00,1775440829,4131,3921069,40,1,18:25:00,20260405,0,60694,21.0,2,IN_TRANSIT_TO,37.40280532836914,-122.1060562133789,,0.01,0,EMPTY,1775440826
2026-04-06T02:00:29.210655+00:00,1775440829,4132,3916589,21,1,19:11:00,20260405,0,61474,1.0,1,INCOMING_AT,37.352455139160156,-121.93687438964844,,0.0,0,EMPTY,1775440826
2026-04-06T02:00:29.210655+00:00,1775440829,4135,3925837,59,0,18:40:00,20260405,0,60392,18.0,2,IN_TRANSIT_TO,37.35353469848633,-121.9375228881836,116.11000061035156,15.93,0,EMPTY,1775440826
2026-04-06T02:00:29.210655+00:00,1775440829,4301,3923091,Rapid 522,1,17:42:00,20260405,0,60500,25.0,2,IN_TRANSIT_TO,37.388145446777344,-122.08856201171875,301.92999267578125,34.11,0,EMPTY,1775440826
2026-04-06T02:00:29.210655+00:00,1775440829,4302,,,0,,,0,,,2,IN_TRANSIT_TO,37.307247161865234,-121.7783432006836,,0.0,2,FEW_SEATS_AVAILABLE,1775440826
2026-04-06T02:00:29.210655+00:00,1775440829,4303,,,0,,,0,,,2,IN_TRANSIT_TO,37.41492462158203,-122.07567596435547,182.67999267578125,25.48,0,EMPTY,1775440826
2026-04-06T02:00:29.210655+00:00,1775440829,4304,3923090,Rapid 522,1,17:27:00,20260405,0,60511,27.0,2,IN_TRANSIT_TO,37.423030853271484,-122.14171600341797,,0.0,0,EMPTY,1775440826
2026-04-06T02:00:29.210655+00:00,1775440829,4307,3923054,Rapid 522,1,18:43:00,20260405,0,65847,5.0,2,IN_TRANSIT_TO,37.357051849365234,-121.8311767578125,331.1499938964844,35.32,0,EMPTY,1775440826
2026-04-06T02:00:29.210655+00:00,1775440829,4310,,,0,,,0,,,2,IN_TRANSIT_TO,37.4119758605957,-122.07411193847656,,0.0,0,EMPTY,1775440826
2026-04-06T02:00:29.210655+00:00,1775440829,4311,3923056,Rapid 522,1,19:26:00,20260405,0,65812,1.0,1,INCOMING_AT,37.32747268676758,-121.81126403808594,,0.0,0,EMPTY,1775440826
2026-04-06T02:00:29.210655+00:00,1775440829,4313,3923053,Rapid 522,1,18:01:00,20260405,0,60482,21.0,2,IN_TRANSIT_TO,37.35541915893555,-122.0171890258789,316.20001220703125,16.03,0,EMPTY,1775440826
2026-04-06T02:00:29.210655+00:00,1775440829,4315,3922993,Rapid 522,0,18:39:00,20260405,0,60347,7.0,2,IN_TRANSIT_TO,37.40152359008789,-122.11426544189453,,0.01,0,EMPTY,1775440826
2026-04-06T02:00:29.210655+00:00,1775440829,4316,3923028,Rapid 522,0,17:56:00,20260405,0,60400,17.0,2,IN_TRANSIT_TO,37.341758728027344,-121.92428588867188,137.1199951171875,29.16,0,EMPTY,1775440826
2026-04-06T02:00:29.210655+00:00,1775440829,4317,3923029,Rapid 522,0,18:18:00,20260405,0,60373,13.0,2,IN_TRANSIT_TO,37.35211944580078,-122.00849151611328,,0.0,0,EMPTY,1775440826
2026-04-06T02:00:29.210655+00:00,1775440829,4319,,,0,,,0,,,2,IN_TRANSIT_TO,37.411949157714844,-122.07411193847656,,0.0,0,EMPTY,1775440826
2026-04-06T02:00:29.210655+00:00,1775440829,4320,3923111,Rapid 522,1,18:22:00,20260405,0,60460,16.0,2,IN_TRANSIT_TO,37.343910217285156,-121.92987823486328,290.5199890136719,35.82,0,EMPTY,1775440826
2026-04-06T02:00:29.210655+00:00,1775440829,4322,3922994,Rapid 522,0,19:02:00,20260405,0,60519,1.0,1,INCOMING_AT,37.44436264038086,-122.16654205322266,,0.01,0,EMPTY,1775440826
2026-04-06T02:00:29.210655+00:00,1775440829,4325,3923027,Rapid 522,0,17:36:00,20260405,0,65858,26.0,2,IN_TRANSIT_TO,37.353816986083984,-121.8534164428711,59.689998626708984,27.47,0,EMPTY,1775440826
2026-04-06T02:00:29.210655+00:00,1775440829,4329,3922995,Rapid 522,0,19:25:00,20260405,0,60519,1.0,1,INCOMING_AT,37.443817138671875,-122.16568756103516,,0.01,0,EMPTY,1775440826
2026-04-06T02:00:29.210655+00:00,1775440829,4402,3934859,77,1,18:52:00,20260405,0,63945,6.0,2,IN_TRANSIT_TO,37.39970016479492,-121.89122009277344,176.17999267578125,41.72,0,EMPTY,1775440826
2026-04-06T02:00:29.210655+00:00,1775440829,4403,3926980,61,0,19:12:00,20260405,0,64695,1.0,1,INCOMING_AT,37.25102233886719,-121.94795989990234,,0.0,0,EMPTY,1775440826
2026-04-06T02:00:29.210655+00:00,1775440829,4404,3927010,61,1,19:15:00,20260405,0,65526,1.0,1,INCOMING_AT,37.3991584777832,-121.84818267822266,,0.0,0,EMPTY,1775440826
2026-04-06T02:00:29.210655+00:00,1775440829,4405,3924861,56,0,18:44:00,20260405,0,64181,18.0,2,IN_TRANSIT_TO,37.29719924926758,-121.897705078125,148.0,19.0,0,EMPTY,1775440826
2026-04-06T02:00:29.210655+00:00,1775440829,4406,3934858,77,1,18:21:00,20260405,0,65809,34.0,2,IN_TRANSIT_TO,37.32379150390625,-121.80880737304688,,0.0,0,EMPTY,1775440826
2026-04-06T02:00:29.210655+00:00,1775440829,4407,3928256,66,0,18:41:00,20260405,0,63195,18.0,2,IN_TRANSIT_TO,37.27979278564453,-121.83690643310547,321.1400146484375,26.67,0,EMPTY,1775440826
2026-04-06T02:00:29.210655+00:00,1775440829,4408,3934828,77,0,18:32:00,20260405,0,65868,23.0,2,IN_TRANSIT_TO,37.369747161865234,-121.87344360351562,,0.47,0,EMPTY,1775440826
2026-04-06T02:00:29.210655+00:00,1775440829,4409,3927008,61,1,18:15:00,20260405,0,62881,39.0,1,INCOMING_AT,37.29133224487305,-121.93184661865234,,0.01,0,EMPTY,1775440826
2026-04-06T02:00:29.210655+00:00,1775440829,4410,3925448,57,1,18:30:00,20260405,0,62560,33.0,1,INCOMING_AT,37.292327880859375,-121.9916000366211,,0.0,0,EMPTY,1775440826
2026-04-06T02:00:29.210655+00:00,1775440829,4412,3933077,71,0,18:55:00,20260405,0,65805,1.0,1,INCOMING_AT,37.32766342163086,-121.8113021850586,,0.0,0,EMPTY,1775440826
2026-04-06T02:00:29.210655+00:00,1775440829,4413,,,0,,,0,,,2,IN_TRANSIT_TO,37.41865921020508,-121.93427276611328,,0.0,0,EMPTY,1775440826
2026-04-06T02:00:29.210655+00:00,1775440829,6202,,,0,,,0,,,2,IN_TRANSIT_TO,37.41938018798828,-121.93501281738281,,0.24,0,EMPTY,1775440826
2026-04-06T02:00:29.210655+00:00,1775440829,6204,,,0,,,0,,,2,IN_TRANSIT_TO,37.417327880859375,-121.93374633789062,,0.01,0,EMPTY,1775440826
2026-04-06T02:00:29.210655+00:00,1775440829,6207,,,0,,,0,,,2,IN_TRANSIT_TO,37.41921615600586,-121.93408966064453,,0.0,0,EMPTY,1775440826
2026-04-06T02:00:29.210655+00:00,1775440829,6208,,,0,,,0,,,2,IN_TRANSIT_TO,37.419212341308594,-121.93441772460938,,0.02,0,EMPTY,1775440826
2026-04-06T02:00:29.210655+00:00,1775440829,6402,3926326,60,1,18:10:00,20260405,0,62753,36.0,1,INCOMING_AT,37.32238006591797,-121.9502944946289,,0.0,0,EMPTY,1775440826
2026-04-06T02:00:29.210655+00:00,1775440829,6403,3927009,61,1,18:43:00,20260405,0,65871,9.0,1,INCOMING_AT,37.369895935058594,-121.8747787475586,162.94000244140625,12.14,0,EMPTY,1775440826
2026-04-06T02:00:29.210655+00:00,1775440829,6406,3924488,55,0,18:52:00,20260405,0,62321,14.0,2,IN_TRANSIT_TO,37.351646423339844,-122.0322494506836,,0.0,0,EMPTY,1775440826
2026-04-06T02:00:29.210655+00:00,1775440829,6408,3929749,70,0,18:17:00,20260405,0,63504,27.0,1,INCOMING_AT,37.34750747680664,-121.83304595947266,,0.0,0,EMPTY,1775440826
2026-04-06T02:00:29.210655+00:00,1775440829,6409,3933101,71,1,18:45:00,20260405,0,63677,20.0,2,IN_TRANSIT_TO,37.38532257080078,-121.84347534179688,148.36000061035156,27.07,0,EMPTY,1775440826
2026-04-06T02:00:29.210655+00:00,1775440829,6413,3928285,66,0,18:01:00,20260405,0,63223,50.0,2,IN_TRANSIT_TO,37.382930755615234,-121.89579772949219,335.8399963378906,16.42,0,EMPTY,1775440826
2026-04-06T02:00:29.210655+00:00,1775440829,6417,3926298,60,1,18:30:00,20260405,0,60020,22.0,2,IN_TRANSIT_TO,37.3583984375,-121.9387435913086,296.57000732421875,33.74,0,EMPTY,1775440826
2026-04-06T02:00:29.210655+00:00,1775440829,6418,3926276,60,0,18:36:00,20260405,0,61473,26.0,1,INCOMING_AT,37.351444244384766,-121.9428939819336,69.0,28.0,0,EMPTY,1775440826
2026-04-06T02:00:29.210655+00:00,1775440829,6419,3926254,60,0,19:08:00,20260405,0,65397,1.0,1,INCOMING_AT,37.27945327758789,-121.94901275634766,86.06999969482422,6.38,0,EMPTY,1775440826
2026-04-06T02:00:29.210655+00:00,1775440829,6422,3927533,64A,1,18:54:00,20260405,0,64041,5.0,2,IN_TRANSIT_TO,37.36589431762695,-121.84939575195312,227.0,7.0,0,EMPTY,1775440826
2026-04-06T02:00:29.210655+00:00,1775440829,6423,3919838,26,0,18:36:00,20260405,0,60931,32.0,1,INCOMING_AT,37.2899169921875,-121.88725280761719,,0.01,0,EMPTY,1775440826
2026-04-06T02:00:29.210655+00:00,1775440829,6425,3919060,25,1,18:28:00,20260405,0,60797,23.0,2,IN_TRANSIT_TO,37.31918716430664,-121.8796157836914,266.69000244140625,28.9,0,EMPTY,1775440826
2026-04-06T02:00:29.210655+00:00,1775440829,6427,,,0,,,0,,,2,IN_TRANSIT_TO,37.27805709838867,-121.8337631225586,,0.0,0,EMPTY,1775440826
2026-04-06T02:00:29.210655+00:00,1775440829,6429,,,0,,,0,,,2,IN_TRANSIT_TO,37.307071685791016,-121.85474395751953,,0.02,0,EMPTY,1775440826
2026-04-06T02:00:29.210655+00:00,1775440829,6430,3929826,70,1,19:12:00,20260405,0,65873,1.0,1,INCOMING_AT,37.36924362182617,-121.87458038330078,,0.0,0,EMPTY,1775440826
2026-04-06T02:00:29.210655+00:00,1775440829,6433,3934263,73,1,18:24:00,20260405,0,61780,32.0,1,INCOMING_AT,37.26853561401367,-121.8232650756836,311.0,38.0,0,EMPTY,1775440826
2026-04-06T02:00:29.210655+00:00,1775440829,6434,3929823,70,1,18:33:00,20260405,0,65811,20.0,1,INCOMING_AT,37.32784652709961,-121.81102752685547,359.0,9.0,0,EMPTY,1775440826
2026-04-06T02:00:29.210655+00:00,1775440829,7401,3919012,25,1,19:00:00,20260405,0,65047,1.0,1,INCOMING_AT,37.35797882080078,-121.83255767822266,,0.0,0,EMPTY,1775440826
2026-04-06T02:00:29.210655+00:00,1775440829,7402,,,0,,,0,,,2,IN_TRANSIT_TO,37.30869674682617,-121.90132141113281,,1.84,0,EMPTY,1775440826
2026-04-06T02:00:29.210655+00:00,1775440829,7404,3933672,72,1,19:05:00,20260405,0,60613,1.0,1,INCOMING_AT,37.34192657470703,-121.89395141601562,,0.0,0,EMPTY,1775440826
2026-04-06T02:00:29.210655+00:00,1775440829,7405,3928303,66,1,17:35:00,20260405,0,63298,75.0,1,INCOMING_AT,37.23745346069336,-121.8218002319336,,0.03,0,EMPTY,1775440826
2026-04-06T02:00:29.210655+00:00,1775440829,7406,3920398,27,1,18:05:00,20260405,0,61065,56.0,2,IN_TRANSIT_TO,37.22651672363281,-121.97482299804688,291.2699890136719,30.48,0,EMPTY,1775440826
2026-04-06T02:00:29.210655+00:00,1775440829,7407,,,0,,,0,,,2,IN_TRANSIT_TO,37.30738830566406,-121.85578155517578,,0.0,0,EMPTY,1775440826
2026-04-06T02:00:29.210655+00:00,1775440829,7409,3933642,72,0,18:44:00,20260405,0,63721,19.0,2,IN_TRANSIT_TO,37.3168830871582,-121.83809661865234,322.44000244140625,22.41,0,EMPTY,1775440826
2026-04-06T02:00:29.210655+00:00,1775440829,7410,3918991,25,0,17:53:00,20260405,0,60765,58.0,2,IN_TRANSIT_TO,37.34541702270508,-121.8348617553711,49.0,19.0,0,EMPTY,1775440826
2026-04-06T02:00:29.210655+00:00,1775440829,7411,,,0,,,0,,,2,IN_TRANSIT_TO,37.30720520019531,-121.85468292236328,,0.03,0,EMPTY,1775440826
2026-04-06T02:00:29.210655+00:00,1775440829,7423,3921975,Rapid 500,1,18:48:00,20260405,0,60439,4.0,2,IN_TRANSIT_TO,37.340213775634766,-121.88231658935547,238.0,30.0,0,EMPTY,1775440826
2026-04-06T02:00:29.210655+00:00,1775440829,7426,,,0,,,0,,,2,IN_TRANSIT_TO,37.30744934082031,-121.85580444335938,,0.0,0,EMPTY,1775440826
2026-04-06T02:00:29.210655+00:00,1775440829,7427,3928999,68,0,18:45:00,20260405,0,63371,18.0,2,IN_TRANSIT_TO,37.08149719238281,-121.60831451416016,335.30999755859375,46.35,0,EMPTY,1775440826
2026-04-06T02:00:29.210655+00:00,1775440829,7429,3929038,68,0,18:04:00,20260405,0,61130,59.0,2,IN_TRANSIT_TO,37.237117767333984,-121.8004379272461,268.0,31.0,0,EMPTY,1775440826
2026-04-06T02:00:29.210655+00:00,1775440829,7433,3918996,25,0,18:00:00,20260405,0,65047,46.0,2,IN_TRANSIT_TO,37.35791778564453,-121.83261108398438,336.8399963378906,14.93,0,EMPTY,1775440826
2026-04-06T02:00:29.210655+00:00,1775440829,7437,3929031,68,0,17:44:00,20260405,0,63204,81.0,2,IN_TRANSIT_TO,37.31044006347656,-121.86798858642578,,0.0,0,EMPTY,1775440826
2026-04-06T02:00:29.210655+00:00,1775440829,7439,3934830,77,0,19:03:00,20260405,0,65809,1.0,1,INCOMING_AT,37.327552795410156,-121.81100463867188,,0.0,5,FULL,1775440826
2026-04-06T02:00:29.210655+00:00,1775440829,7442,3928333,66,1,18:37:00,20260405,0,63840,20.0,2,IN_TRANSIT_TO,37.4100456237793,-121.89331817626953,,0.0,0,EMPTY,1775440826
2026-04-06T02:00:29.210655+00:00,1775440829,7444,3929750,70,0,18:37:00,20260405,0,63495,12.0,2,IN_TRANSIT_TO,37.299678802490234,-121.82182312011719,,0.0,0,EMPTY,1775440826
2026-04-06T02:00:29.210655+00:00,1775440829,7445,3918040,23,0,18:15:00,20260405,0,60412,38.0,1,INCOMING_AT,37.336387634277344,-121.89012908935547,,0.0,0,EMPTY,1775440826
2026-04-06T02:00:29.210655+00:00,1775440829,7446,3918992,25,0,18:31:00,20260405,0,60759,28.0,2,IN_TRANSIT_TO,37.32881546020508,-121.85924530029297,56.16999816894531,16.75,0,EMPTY,1775440826
2026-04-06T02:00:29.210655+00:00,1775440829,7448,,,0,,,0,,,2,IN_TRANSIT_TO,37.38911056518555,-121.94628143310547,,1.45,5,FULL,1775440826
2026-04-06T02:00:29.210655+00:00,1775440829,7451,3919059,25,1,17:57:00,20260405,0,60828,47.0,1,INCOMING_AT,37.30885696411133,-121.95984649658203,271.0,39.0,2,FEW_SEATS_AVAILABLE,1775440826
2026-04-06T02:00:29.210655+00:00,1775440829,7454,,,0,,,0,,,2,IN_TRANSIT_TO,37.307281494140625,-121.85568237304688,,0.0,0,EMPTY,1775440826
2026-04-06T02:00:29.210655+00:00,1775440829,7456,3934235,73,0,18:35:00,20260405,0,62944,23.0,2,IN_TRANSIT_TO,37.338993072509766,-121.87946319580078,,0.01,0,EMPTY,1775440826
2026-04-06T02:00:29.210655+00:00,1775440829,8302,3917111,22,1,18:07:00,20260405,0,60457,42.0,1,INCOMING_AT,37.344764709472656,-121.93274688720703,279.0,17.0,0,EMPTY,1775440826
2026-04-06T02:00:29.210655+00:00,1775440829,8304,3917039,22,0,17:11:00,20260405,0,60043,94.0,1,INCOMING_AT,37.33067321777344,-121.83422088623047,139.0,10.0,2,FEW_SEATS_AVAILABLE,1775440826
2026-04-06T02:00:29.210655+00:00,1775440829,8306,,,0,,,0,,,2,IN_TRANSIT_TO,37.41200256347656,-122.07425689697266,,0.0,5,FULL,1775440826
2026-04-06T02:00:29.210655+00:00,1775440829,8310,3917043,22,0,18:12:00,20260405,0,60370,43.0,2,IN_TRANSIT_TO,37.35362243652344,-122.01524353027344,128.0800018310547,15.14,2,FEW_SEATS_AVAILABLE,1775440826
2026-04-06T02:00:29.210655+00:00,1775440829,8313,3917072,22,0,19:23:00,20260405,0,60519,1.0,1,INCOMING_AT,37.44403839111328,-122.16602325439453,,0.0,2,FEW_SEATS_AVAILABLE,1775440826
2026-04-06T02:00:29.210655+00:00,1775440829,8315,3917141,22,1,19:19:00,20260405,0,65812,1.0,1,INCOMING_AT,37.32725524902344,-121.81111907958984,,0.0,5,FULL,1775440826
2026-04-06T02:00:29.210655+00:00,1775440829,8322,3917147,22,1,18:38:00,20260405,0,60434,22.0,2,IN_TRANSIT_TO,37.3440055847168,-121.8742446899414,239.50999450683594,25.38,0,EMPTY,1775440826
2026-04-06T02:00:29.210655+00:00,1775440829,8323,3917044,22,0,18:27:00,20260405,0,60359,32.0,2,IN_TRANSIT_TO,37.379981994628906,-122.07234191894531,118.56999969482422,22.17,5,FULL,1775440826
2026-04-06T02:00:29.210655+00:00,1775440829,8325,3917041,22,0,17:41:00,20260405,0,60404,70.0,2,IN_TRANSIT_TO,37.33152389526367,-121.91031646728516,85.55999755859375,23.26,2,FEW_SEATS_AVAILABLE,1775440826
2026-04-06T02:00:29.210655+00:00,1775440829,8326,3917108,22,1,17:21:00,20260405,0,60501,82.0,2,IN_TRANSIT_TO,37.40159606933594,-122.11415100097656,304.0,24.0,5,FULL,1775440826
2026-04-06T02:00:29.210655+00:00,1775440829,8327,,,0,,,0,,,2,IN_TRANSIT_TO,37.32881164550781,-121.81320190429688,285.7900085449219,23.83,0,EMPTY,1775440826
2026-04-06T02:00:29.210655+00:00,1775440829,8328,3917150,22,1,18:58:00,20260405,0,65810,2.0,2,IN_TRANSIT_TO,37.32770538330078,-121.8111572265625,,0.01,0,EMPTY,1775440826
2026-04-06T02:00:29.210655+00:00,1775440829,8329,3917078,22,0,18:42:00,20260405,0,60346,20.0,2,IN_TRANSIT_TO,37.401371002197266,-122.11402893066406,,0.01,0,EMPTY,1775440826
2026-04-06T02:00:29.210655+00:00,1775440829,8334,3917110,22,1,17:51:00,20260405,0,60478,59.0,1,INCOMING_AT,37.35237503051758,-122.003173828125,276.0,31.0,0,EMPTY,1775440826
2026-04-06T02:00:29.210655+00:00,1775440829,8340,3917042,22,0,17:57:00,20260405,0,60381,54.0,2,IN_TRANSIT_TO,37.3522834777832,-121.9643783569336,89.77999877929688,24.28,2,FEW_SEATS_AVAILABLE,1775440826
2026-04-06T02:00:29.210655+00:00,1775440829,8341,3917112,22,1,18:22:00,20260405,0,60446,33.0,1,INCOMING_AT,37.3319206237793,-121.9045639038086,,3.33,5,FULL,1775440826
2026-04-06T02:00:29.210655+00:00,1775440829,8346,,,0,,,0,,,2,IN_TRANSIT_TO,37.32752990722656,-121.81078338623047,,0.0,5,FULL,1775440826
2026-04-06T02:00:29.210655+00:00,1775440829,888804,,,0,,,0,,,2,IN_TRANSIT_TO,37.30605697631836,-121.85494995117188,,0.0,0,EMPTY,1775440826
2026-04-06T02:00:29.210655+00:00,1775440829,902A,,,0,,,0,,,2,IN_TRANSIT_TO,37.35594177246094,-121.90885162353516,,0.03,0,EMPTY,1775440826
2026-04-06T02:00:29.210655+00:00,1775440829,903A,,,0,,,0,,,2,IN_TRANSIT_TO,37.358150482177734,-121.83207702636719,,0.02,0,EMPTY,1775440826
2026-04-06T02:00:29.210655+00:00,1775440829,904A,,,0,,,0,,,2,IN_TRANSIT_TO,37.35609817504883,-121.90866088867188,,0.04,0,EMPTY,1775440826
2026-04-06T02:00:29.210655+00:00,1775440829,906A,,,0,,,0,,,2,IN_TRANSIT_TO,37.273555755615234,-121.86295318603516,167.5,20.43,0,EMPTY,1775440826
2026-04-06T02:00:29.210655+00:00,1775440829,907A,,,0,,,0,,,2,IN_TRANSIT_TO,37.355003356933594,-121.90940856933594,,0.01,0,EMPTY,1775440826
2026-04-06T02:00:29.210655+00:00,1775440829,908A,,,0,,,0,,,2,IN_TRANSIT_TO,37.35573196411133,-121.9090576171875,,0.03,0,EMPTY,1775440826
2026-04-06T02:00:29.210655+00:00,1775440829,909A,,,0,,,0,,,2,IN_TRANSIT_TO,37.356040954589844,-121.9085693359375,,0.01,0,EMPTY,1775440826
2026-04-06T02:00:29.210655+00:00,1775440829,911A,,,0,,,0,,,2,IN_TRANSIT_TO,37.35511016845703,-121.90956115722656,,0.01,0,EMPTY,1775440826
2026-04-06T02:00:29.210655+00:00,1775440829,912A,,,0,,,0,,,2,IN_TRANSIT_TO,37.40245056152344,-122.03269958496094,268.010009765625,28.86,0,EMPTY,1775440826
2026-04-06T02:00:29.210655+00:00,1775440829,914A,,,0,,,0,,,2,IN_TRANSIT_TO,37.38956069946289,-121.930419921875,328.3999938964844,35.67,0,EMPTY,1775440826
2026-04-06T02:00:29.210655+00:00,1775440829,915A,,,0,,,0,,,2,IN_TRANSIT_TO,37.3287467956543,-121.89636993408203,330.8800048828125,16.15,0,EMPTY,1775440826
2026-04-06T02:00:29.210655+00:00,1775440829,916A,,,0,,,0,,,2,IN_TRANSIT_TO,37.35551071166992,-121.90918731689453,,0.03,0,EMPTY,1775440826
2026-04-06T02:00:29.210655+00:00,1775440829,917A,,,0,,,0,,,2,IN_TRANSIT_TO,37.35489273071289,-121.90848541259766,,0.05,0,EMPTY,1775440826
2026-04-06T02:00:29.210655+00:00,1775440829,919A,,,0,,,0,,,2,IN_TRANSIT_TO,37.35573959350586,-121.90902709960938,,0.0,0,EMPTY,1775440826
2026-04-06T02:00:29.210655+00:00,1775440829,920A,,,0,,,0,,,2,IN_TRANSIT_TO,37.41337203979492,-121.91738891601562,43.63999938964844,9.26,0,EMPTY,1775440826
2026-04-06T02:00:29.210655+00:00,1775440829,921A,,,0,,,0,,,2,IN_TRANSIT_TO,37.35570526123047,-121.90896606445312,,0.0,0,EMPTY,1775440826
2026-04-06T02:00:29.210655+00:00,1775440829,922A,,,0,,,0,,,2,IN_TRANSIT_TO,37.23644256591797,-121.78925323486328,,0.02,0,EMPTY,1775440826
2026-04-06T02:00:29.210655+00:00,1775440829,923A,,,0,,,0,,,2,IN_TRANSIT_TO,37.3548469543457,-121.90809631347656,,0.05,0,EMPTY,1775440826
2026-04-06T02:00:29.210655+00:00,1775440829,924A,,,0,,,0,,,2,IN_TRANSIT_TO,37.3557243347168,-121.90858459472656,,0.02,0,EMPTY,1775440826
2026-04-06T02:00:29.210655+00:00,1775440829,925A,,,0,,,0,,,2,IN_TRANSIT_TO,37.35561752319336,-121.9093017578125,,0.01,0,EMPTY,1775440826
2026-04-06T02:00:29.210655+00:00,1775440829,926A,,,0,,,0,,,2,IN_TRANSIT_TO,37.354942321777344,-121.90839385986328,,0.01,0,EMPTY,1775440826
2026-04-06T02:00:29.210655+00:00,1775440829,928A,,,0,,,0,,,2,IN_TRANSIT_TO,37.35641860961914,-121.90573120117188,151.30999755859375,23.86,0,EMPTY,1775440826
2026-04-06T02:00:29.210655+00:00,1775440829,930A,,,0,,,0,,,2,IN_TRANSIT_TO,37.35578918457031,-121.90862274169922,,0.02,0,EMPTY,1775440826
2026-04-06T02:00:29.210655+00:00,1775440829,931A,,,0,,,0,,,2,IN_TRANSIT_TO,37.35512924194336,-121.90959930419922,,0.05,0,EMPTY,1775440826
2026-04-06T02:00:29.210655+00:00,1775440829,932A,,,0,,,0,,,2,IN_TRANSIT_TO,37.32412338256836,-121.89238739013672,332.92999267578125,20.11,0,EMPTY,1775440826
2026-04-06T02:00:29.210655+00:00,1775440829,936A,,,0,,,0,,,2,IN_TRANSIT_TO,37.355377197265625,-121.9094467163086,,0.02,0,EMPTY,1775440826
2026-04-06T02:00:29.210655+00:00,1775440829,937A,,,0,,,0,,,2,IN_TRANSIT_TO,37.35554504394531,-121.90877532958984,,0.02,0,EMPTY,1775440826
2026-04-06T02:00:29.210655+00:00,1775440829,939A,,,0,,,0,,,2,IN_TRANSIT_TO,37.35496520996094,-121.90815734863281,,0.02,0,EMPTY,1775440826
2026-04-06T02:00:29.210655+00:00,1775440829,940A,,,0,,,0,,,2,IN_TRANSIT_TO,37.40331268310547,-121.97927856445312,,0.01,0,EMPTY,1775440826
2026-04-06T02:00:29.210655+00:00,1775440829,943A,,,0,,,0,,,2,IN_TRANSIT_TO,37.35440444946289,-121.90805053710938,,0.02,0,EMPTY,1775440826
2026-04-06T02:00:29.210655+00:00,1775440829,944A,,,0,,,0,,,2,IN_TRANSIT_TO,37.355377197265625,-121.90941619873047,,0.06,0,EMPTY,1775440826
2026-04-06T02:00:29.210655+00:00,1775440829,945A,,,0,,,0,,,2,IN_TRANSIT_TO,37.33201217651367,-121.88741302490234,335.25,7.55,0,EMPTY,1775440826
2026-04-06T02:00:29.210655+00:00,1775440829,947A,,,0,,,0,,,2,IN_TRANSIT_TO,37.35478973388672,-121.90959930419922,,0.04,0,EMPTY,1775440826
2026-04-06T02:00:29.210655+00:00,1775440829,948A,,,0,,,0,,,2,IN_TRANSIT_TO,37.40338134765625,-121.99794006347656,86.7699966430664,25.66,0,EMPTY,1775440826
2026-04-06T02:00:29.210655+00:00,1775440829,950A,,,0,,,0,,,2,IN_TRANSIT_TO,37.354705810546875,-121.90829467773438,,0.05,0,EMPTY,1775440826
2026-04-06T02:00:29.210655+00:00,1775440829,951A,,,0,,,0,,,2,IN_TRANSIT_TO,37.35336685180664,-121.90928649902344,,0.05,0,EMPTY,1775440826
2026-04-06T02:00:29.210655+00:00,1775440829,953A,,,0,,,0,,,2,IN_TRANSIT_TO,37.3553466796875,-121.90943908691406,,0.01,0,EMPTY,1775440826
2026-04-06T02:00:29.210655+00:00,1775440829,954A,,,0,,,0,,,2,IN_TRANSIT_TO,37.355403900146484,-121.90951538085938,,0.01,0,EMPTY,1775440826
2026-04-06T02:00:29.210655+00:00,1775440829,955A,,,0,,,0,,,2,IN_TRANSIT_TO,37.35488510131836,-121.9092025756836,,0.01,0,EMPTY,1775440826
2026-04-06T02:00:29.210655+00:00,1775440829,956A,,,0,,,0,,,2,IN_TRANSIT_TO,37.35597610473633,-121.90885925292969,,0.01,0,EMPTY,1775440826
2026-04-06T02:00:29.210655+00:00,1775440829,957A,,,0,,,0,,,2,IN_TRANSIT_TO,37.35445785522461,-121.90938568115234,,0.03,0,EMPTY,1775440826
2026-04-06T02:00:29.210655+00:00,1775440829,958A,,,0,,,0,,,2,IN_TRANSIT_TO,37.370365142822266,-121.91604614257812,,0.01,0,EMPTY,1775440826
2026-04-06T02:00:29.210655+00:00,1775440829,959A,,,0,,,0,,,2,IN_TRANSIT_TO,37.35541915893555,-121.90853881835938,,0.01,0,EMPTY,1775440826
2026-04-06T02:00:29.210655+00:00,1775440829,960A,,,0,,,0,,,2,IN_TRANSIT_TO,37.39501190185547,-122.07706451416016,,0.01,0,EMPTY,1775440826
2026-04-06T02:00:29.210655+00:00,1775440829,961A,,,0,,,0,,,2,IN_TRANSIT_TO,37.40338897705078,-121.98155975341797,,0.0,0,EMPTY,1775440826
2026-04-06T02:00:29.210655+00:00,1775440829,963A,,,0,,,0,,,2,IN_TRANSIT_TO,37.35469055175781,-121.9094009399414,,0.03,0,EMPTY,1775440826
2026-04-06T02:00:29.210655+00:00,1775440829,967A,,,0,,,0,,,2,IN_TRANSIT_TO,37.35332107543945,-121.90926361083984,,0.01,0,EMPTY,1775440826
2026-04-06T02:00:29.210655+00:00,1775440829,968A,,,0,,,0,,,2,IN_TRANSIT_TO,37.355648040771484,-121.90897369384766,,0.02,0,EMPTY,1775440826
2026-04-06T02:00:29.210655+00:00,1775440829,969A,,,0,,,0,,,2,IN_TRANSIT_TO,37.35529708862305,-121.90937042236328,,0.02,0,EMPTY,1775440826
2026-04-06T02:00:29.210655+00:00,1775440829,970A,,,0,,,0,,,2,IN_TRANSIT_TO,37.27939987182617,-121.94811248779297,,0.03,0,EMPTY,1775440826
2026-04-06T02:00:29.210655+00:00,1775440829,972A,,,0,,,0,,,2,IN_TRANSIT_TO,37.35520935058594,-121.90878295898438,,0.02,0,EMPTY,1775440826
2026-04-06T02:00:29.210655+00:00,1775440829,977A,,,0,,,0,,,2,IN_TRANSIT_TO,37.355159759521484,-121.90959167480469,,0.0,0,EMPTY,1775440826
2026-04-06T02:00:29.210655+00:00,1775440829,978A,,,0,,,0,,,2,IN_TRANSIT_TO,37.41066360473633,-121.94210815429688,,0.02,0,EMPTY,1775440826
2026-04-06T02:00:29.210655+00:00,1775440829,979A,,,0,,,0,,,2,IN_TRANSIT_TO,37.35573959350586,-121.90901947021484,,0.01,0,EMPTY,1775440826
2026-04-06T02:00:29.210655+00:00,1775440829,982A,,,0,,,0,,,2,IN_TRANSIT_TO,37.355106353759766,-121.90956115722656,,0.01,0,EMPTY,1775440826
2026-04-06T02:00:29.210655+00:00,1775440829,984A,,,0,,,0,,,2,IN_TRANSIT_TO,37.41050720214844,-121.94232177734375,,0.04,0,EMPTY,1775440826
2026-04-06T02:00:29.210655+00:00,1775440829,985A,,,0,,,0,,,2,IN_TRANSIT_TO,37.355064392089844,-121.90956115722656,,0.0,0,EMPTY,1775440826
2026-04-06T02:00:29.210655+00:00,1775440829,986A,,,0,,,0,,,2,IN_TRANSIT_TO,37.35515213012695,-121.90966033935547,,0.04,0,EMPTY,1775440826
2026-04-06T02:00:29.210655+00:00,1775440829,988A,,,0,,,0,,,2,IN_TRANSIT_TO,37.355167388916016,-121.90962219238281,,0.02,0,EMPTY,1775440826
2026-04-06T02:00:29.210655+00:00,1775440829,9904,,,0,,,0,,,2,IN_TRANSIT_TO,37.35600662231445,-121.90534973144531,,0.0,0,EMPTY,1775440826
2026-04-06T02:00:29.210655+00:00,1775440829,990A,,,0,,,0,,,2,IN_TRANSIT_TO,37.355201721191406,-121.9091567993164,,0.01,0,EMPTY,1775440826
2026-04-06T02:00:29.210655+00:00,1775440829,991A,,,0,,,0,,,2,IN_TRANSIT_TO,37.35559844970703,-121.9088134765625,,0.02,0,EMPTY,1775440826
2026-04-06T02:00:29.210655+00:00,1775440829,994A,,,0,,,0,,,2,IN_TRANSIT_TO,37.355674743652344,-121.90901184082031,,0.0,0,EMPTY,1775440826
2026-04-06T02:00:29.210655+00:00,1775440829,995A,,,0,,,0,,,2,IN_TRANSIT_TO,37.38493347167969,-121.85880279541016,317.4800109863281,34.84,0,EMPTY,1775440826
2026-04-06T02:00:29.210655+00:00,1775440829,996A,,,0,,,0,,,2,IN_TRANSIT_TO,37.355674743652344,-121.9084243774414,,0.01,0,EMPTY,1775440826
2026-04-06T02:00:29.210655+00:00,1775440829,997A,,,0,,,0,,,2,IN_TRANSIT_TO,37.35549545288086,-121.90864562988281,,0.01,0,EMPTY,1775440826
2026-04-06T02:00:29.210655+00:00,1775440829,998A,,,0,,,0,,,2,IN_TRANSIT_TO,37.35430145263672,-121.90800476074219,,0.02,0,EMPTY,1775440826
2026-04-06T02:00:29.210655+00:00,1775440829,999A,,,0,,,0,,,2,IN_TRANSIT_TO,37.33989715576172,-121.89199829101562,,0.1,0,EMPTY,1775440826
2026-04-06T02:00:29.210655+00:00,1775440829,M21704,,,0,,,0,,,2,IN_TRANSIT_TO,37.41886901855469,-121.93514251708984,,0.0,0,EMPTY,1775440826
2026-04-06T02:00:29.210655+00:00,1775440829,S21209,,,0,,,0,,,2,IN_TRANSIT_TO,37.354488372802734,-121.9051513671875,,0.0,0,EMPTY,1775440826
2026-04-06T02:00:29.210655+00:00,1775440829,S21210,,,0,,,0,,,2,IN_TRANSIT_TO,37.416629791259766,-121.9350814819336,,0.0,0,EMPTY,1775440826
2026-04-06T02:00:29.210655+00:00,1775440829,S21212,,,0,,,0,,,2,IN_TRANSIT_TO,37.330501556396484,-121.90239715576172,,0.0,0,EMPTY,1775440826
2026-04-06T02:00:29.210655+00:00,1775440829,W21816,,,0,,,0,,,2,IN_TRANSIT_TO,37.35327911376953,-121.90957641601562,,0.0,0,EMPTY,1775440826
2026-04-06T02:00:29.210655+00:00,1775440829,W27010,,,0,,,0,,,2,IN_TRANSIT_TO,37.24177169799805,-121.80420684814453,,0.0,0,EMPTY,1775440826
